Route,Cost,Region
DistributionCentreAucklandCountdownAirportCountdownMangereEastDistributionCentreAuckland,586.06375,SR1
DistributionCentreAucklandCountdownAirportCountdownMangereMallDistributionCentreAuckland,569.936875,SR1
DistributionCentreAucklandCountdownAirportCountdownManukauDistributionCentreAuckland,665.29875,SR1
DistributionCentreAucklandCountdownAirportCountdownManukauMallDistributionCentreAuckland,680.3725000000001,SR1
DistributionCentreAucklandCountdownAirportCountdownManurewaDistributionCentreAuckland,685.99625,SR1
DistributionCentreAucklandCountdownAirportCountdownPapakuraDistributionCentreAuckland,756.835625,SR1
DistributionCentreAucklandCountdownAirportCountdownPapatoetoeDistributionCentreAuckland,659.58,SR1
DistributionCentreAucklandCountdownAirportCountdownRoselandsDistributionCentreAuckland,778.24375,SR1
DistributionCentreAucklandCountdownAirportCountdownTakaniniDistributionCentreAuckland,717.2587500000001,SR1
DistributionCentreAucklandCountdownAirportSuperValueFlatbushDistributionCentreAuckland,601.46,SR1
DistributionCentreAucklandCountdownAirportSuperValuePapakuraDistributionCentreAuckland,676.475,SR1
DistributionCentreAucklandCountdownMangereEastCountdownMangereMallDistributionCentreAuckland,524.673125,SR1
DistributionCentreAucklandCountdownMangereEastCountdownManukauDistributionCentreAuckland,607.425,SR1
DistributionCentreAucklandCountdownMangereEastCountdownManukauMallDistributionCentreAuckland,621.974375,SR1
DistributionCentreAucklandCountdownMangereEastCountdownManurewaDistributionCentreAuckland,632.25875,SR1
DistributionCentreAucklandCountdownMangereEastCountdownPapakuraDistributionCentreAuckland,698.4375,SR1
DistributionCentreAucklandCountdownMangereEastCountdownPapatoetoeDistributionCentreAuckland,594.4725,SR1
DistributionCentreAucklandCountdownMangereEastCountdownRoselandsDistributionCentreAuckland,719.8462499999999,SR1
DistributionCentreAucklandCountdownMangereEastCountdownTakaniniDistributionCentreAuckland,658.86125,SR1
DistributionCentreAucklandCountdownMangereEastSuperValueFlatbushDistributionCentreAuckland,544.2549999999999,SR1
DistributionCentreAucklandCountdownMangereEastSuperValuePapakuraDistributionCentreAuckland,618.076875,SR1
DistributionCentreAucklandCountdownMangereMallCountdownManukauDistributionCentreAuckland,614.00375,SR1
DistributionCentreAucklandCountdownMangereMallCountdownManukauMallDistributionCentreAuckland,628.553125,SR1
DistributionCentreAucklandCountdownMangereMallCountdownManurewaDistributionCentreAuckland,638.8375000000001,SR1
DistributionCentreAucklandCountdownMangereMallCountdownPapakuraDistributionCentreAuckland,705.0162500000001,SR1
DistributionCentreAucklandCountdownMangereMallCountdownPapatoetoeDistributionCentreAuckland,612.213125,SR1
DistributionCentreAucklandCountdownMangereMallCountdownRoselandsDistributionCentreAuckland,726.4250000000001,SR1
DistributionCentreAucklandCountdownMangereMallCountdownTakaniniDistributionCentreAuckland,665.439375,SR1
DistributionCentreAucklandCountdownMangereMallSuperValueFlatbushDistributionCentreAuckland,550.83375,SR1
DistributionCentreAucklandCountdownMangereMallSuperValuePapakuraDistributionCentreAuckland,624.6556250000001,SR1
DistributionCentreAucklandCountdownManukauCountdownManukauMallDistributionCentreAuckland,629.2962500000001,SR1
DistributionCentreAucklandCountdownManukauCountdownManurewaDistributionCentreAuckland,665.999375,SR1
DistributionCentreAucklandCountdownManukauCountdownPapakuraDistributionCentreAuckland,718.1537500000002,SR1
DistributionCentreAucklandCountdownManukauCountdownPapatoetoeDistributionCentreAuckland,628.775,SR1
DistributionCentreAucklandCountdownManukauCountdownRoselandsDistributionCentreAuckland,739.5625,SR1
DistributionCentreAucklandCountdownManukauCountdownTakaniniDistributionCentreAuckland,678.576875,SR1
DistributionCentreAucklandCountdownManukauSuperValueFlatbushDistributionCentreAuckland,547.4112500000001,SR1
DistributionCentreAucklandCountdownManukauSuperValuePapakuraDistributionCentreAuckland,637.793125,SR1
DistributionCentreAucklandCountdownManukauMallCountdownManurewaDistributionCentreAuckland,680.5487499999999,SR1
DistributionCentreAucklandCountdownManukauMallCountdownPapakuraDistributionCentreAuckland,732.3275,SR1
DistributionCentreAucklandCountdownManukauMallCountdownPapatoetoeDistributionCentreAuckland,655.66375,SR1
DistributionCentreAucklandCountdownManukauMallCountdownRoselandsDistributionCentreAuckland,753.7362499999999,SR1
DistributionCentreAucklandCountdownManukauMallCountdownTakaniniDistributionCentreAuckland,692.75125,SR1
DistributionCentreAucklandCountdownManukauMallSuperValueFlatbushDistributionCentreAuckland,569.6925000000001,SR1
DistributionCentreAucklandCountdownManukauMallSuperValuePapakuraDistributionCentreAuckland,651.9668750000001,SR1
DistributionCentreAucklandCountdownManurewaCountdownPapakuraDistributionCentreAuckland,751.46875,SR1
DistributionCentreAucklandCountdownManurewaCountdownPapatoetoeDistributionCentreAuckland,685.61375,SR1
DistributionCentreAucklandCountdownManurewaCountdownRoselandsDistributionCentreAuckland,770.111875,SR1
DistributionCentreAucklandCountdownManurewaCountdownTakaniniDistributionCentreAuckland,709.79,SR1
DistributionCentreAucklandCountdownManurewaSuperValueFlatbushDistributionCentreAuckland,599.3918749999999,SR1
DistributionCentreAucklandCountdownManurewaSuperValuePapakuraDistributionCentreAuckland,671.108125,SR1
DistributionCentreAucklandCountdownPapakuraCountdownPapatoetoeDistributionCentreAuckland,735.501875,SR1
DistributionCentreAucklandCountdownPapakuraCountdownRoselandsDistributionCentreAuckland,726.88375,SR1
DistributionCentreAucklandCountdownPapakuraCountdownTakaniniDistributionCentreAuckland,696.366875,SR1
DistributionCentreAucklandCountdownPapakuraSuperValueFlatbushDistributionCentreAuckland,655.6731249999999,SR1
DistributionCentreAucklandCountdownPapakuraSuperValuePapakuraDistributionCentreAuckland,619.068125,SR1
DistributionCentreAucklandCountdownPapatoetoeCountdownRoselandsDistributionCentreAuckland,762.5575000000001,SR1
DistributionCentreAucklandCountdownPapatoetoeCountdownTakaniniDistributionCentreAuckland,701.5724999999999,SR1
DistributionCentreAucklandCountdownPapatoetoeSuperValueFlatbushDistributionCentreAuckland,562.104375,SR1
DistributionCentreAucklandCountdownPapatoetoeSuperValuePapakuraDistributionCentreAuckland,660.788125,SR1
DistributionCentreAucklandCountdownRoselandsCountdownTakaniniDistributionCentreAuckland,710.08,SR1
DistributionCentreAucklandCountdownRoselandsSuperValueFlatbushDistributionCentreAuckland,658.140625,SR1
DistributionCentreAucklandCountdownRoselandsSuperValuePapakuraDistributionCentreAuckland,639.298125,SR1
DistributionCentreAucklandCountdownTakaniniSuperValueFlatbushDistributionCentreAuckland,616.0975,SR1
DistributionCentreAucklandCountdownTakaniniSuperValuePapakuraDistributionCentreAuckland,618.0831249999999,SR1
DistributionCentreAucklandSuperValueFlatbushSuperValuePapakuraDistributionCentreAuckland,572.4343749999999,SR1
DistributionCentreAucklandCountdownAirportCountdownMangereEastCountdownMangereMallDistributionCentreAuckland,831.8756250000001,SR1
DistributionCentreAucklandCountdownAirportCountdownMangereEastSuperValueFlatbushDistributionCentreAuckland,851.4575,SR1
DistributionCentreAucklandCountdownAirportCountdownMangereMallSuperValueFlatbushDistributionCentreAuckland,841.245,SR1
DistributionCentreAucklandCountdownAirportCountdownManukauSuperValueFlatbushDistributionCentreAuckland,840.4337500000001,SR1
DistributionCentreAucklandCountdownAirportCountdownManukauMallSuperValueFlatbushDistributionCentreAuckland,863.2393749999999,SR1
DistributionCentreAucklandCountdownAirportCountdownManurewaSuperValueFlatbushDistributionCentreAuckland,888.278125,SR1
DistributionCentreAucklandCountdownAirportCountdownPapatoetoeSuperValueFlatbushDistributionCentreAuckland,863.2293750000001,SR1
DistributionCentreAucklandCountdownAirportSuperValueFlatbushSuperValuePapakuraDistributionCentreAuckland,864.788125,SR1
DistributionCentreAucklandCountdownMangereEastCountdownMangereMallCountdownManukauDistributionCentreAuckland,859.15125,SR1
DistributionCentreAucklandCountdownMangereEastCountdownMangereMallCountdownManukauMallDistributionCentreAuckland,873.7006250000001,SR1
DistributionCentreAucklandCountdownMangereEastCountdownMangereMallCountdownManurewaDistributionCentreAuckland,883.985,SR1
DistributionCentreAucklandCountdownMangereEastCountdownMangereMallCountdownPapatoetoeDistributionCentreAuckland,857.3606249999999,SR1
DistributionCentreAucklandCountdownMangereEastCountdownMangereMallSuperValueFlatbushDistributionCentreAuckland,795.98125,SR1
DistributionCentreAucklandCountdownMangereEastCountdownMangereMallSuperValuePapakuraDistributionCentreAuckland,869.8031249999999,SR1
DistributionCentreAucklandCountdownMangereEastCountdownManukauCountdownManukauMallDistributionCentreAuckland,864.4449999999999,SR1
DistributionCentreAucklandCountdownMangereEastCountdownManukauCountdownPapatoetoeDistributionCentreAuckland,863.9237499999999,SR1
DistributionCentreAucklandCountdownMangereEastCountdownManukauSuperValueFlatbushDistributionCentreAuckland,782.56,SR1
DistributionCentreAucklandCountdownMangereEastCountdownManukauSuperValuePapakuraDistributionCentreAuckland,872.9418750000001,SR1
DistributionCentreAucklandCountdownMangereEastCountdownManukauMallCountdownPapatoetoeDistributionCentreAuckland,890.8125,SR1
DistributionCentreAucklandCountdownMangereEastCountdownManukauMallSuperValueFlatbushDistributionCentreAuckland,804.84125,SR1
DistributionCentreAucklandCountdownMangereEastCountdownManukauMallSuperValuePapakuraDistributionCentreAuckland,887.115625,SR1
DistributionCentreAucklandCountdownMangereEastCountdownManurewaSuperValueFlatbushDistributionCentreAuckland,834.5406249999999,SR1
DistributionCentreAucklandCountdownMangereEastCountdownPapakuraSuperValueFlatbushDistributionCentreAuckland,890.8218750000001,SR1
DistributionCentreAucklandCountdownMangereEastCountdownPapakuraSuperValuePapakuraDistributionCentreAuckland,854.2168749999998,SR1
DistributionCentreAucklandCountdownMangereEastCountdownPapatoetoeSuperValueFlatbushDistributionCentreAuckland,798.1218749999999,SR1
DistributionCentreAucklandCountdownMangereEastCountdownPapatoetoeSuperValuePapakuraDistributionCentreAuckland,896.805625,SR1
DistributionCentreAucklandCountdownMangereEastCountdownRoselandsSuperValueFlatbushDistributionCentreAuckland,893.2893749999998,SR1
DistributionCentreAucklandCountdownMangereEastCountdownRoselandsSuperValuePapakuraDistributionCentreAuckland,874.4468749999999,SR1
DistributionCentreAucklandCountdownMangereEastCountdownTakaniniSuperValueFlatbushDistributionCentreAuckland,851.24625,SR1
DistributionCentreAucklandCountdownMangereEastCountdownTakaniniSuperValuePapakuraDistributionCentreAuckland,853.2318750000001,SR1
DistributionCentreAucklandCountdownMangereEastSuperValueFlatbushSuperValuePapakuraDistributionCentreAuckland,807.583125,SR1
DistributionCentreAucklandCountdownMangereMallCountdownManukauCountdownManukauMallDistributionCentreAuckland,871.0237500000001,SR1
DistributionCentreAucklandCountdownMangereMallCountdownManukauCountdownPapatoetoeDistributionCentreAuckland,870.5024999999999,SR1
DistributionCentreAucklandCountdownMangereMallCountdownManukauSuperValueFlatbushDistributionCentreAuckland,789.1387500000001,SR1
DistributionCentreAucklandCountdownMangereMallCountdownManukauSuperValuePapakuraDistributionCentreAuckland,879.5206250000001,SR1
DistributionCentreAucklandCountdownMangereMallCountdownManukauMallCountdownPapatoetoeDistributionCentreAuckland,897.3912499999999,SR1
DistributionCentreAucklandCountdownMangereMallCountdownManukauMallSuperValueFlatbushDistributionCentreAuckland,811.4200000000001,SR1
DistributionCentreAucklandCountdownMangereMallCountdownManukauMallSuperValuePapakuraDistributionCentreAuckland,893.694375,SR1
DistributionCentreAucklandCountdownMangereMallCountdownManurewaSuperValueFlatbushDistributionCentreAuckland,841.119375,SR1
DistributionCentreAucklandCountdownMangereMallCountdownPapakuraSuperValueFlatbushDistributionCentreAuckland,897.4006250000001,SR1
DistributionCentreAucklandCountdownMangereMallCountdownPapakuraSuperValuePapakuraDistributionCentreAuckland,860.795625,SR1
DistributionCentreAucklandCountdownMangereMallCountdownPapatoetoeSuperValueFlatbushDistributionCentreAuckland,815.8625,SR1
DistributionCentreAucklandCountdownMangereMallCountdownRoselandsSuperValueFlatbushDistributionCentreAuckland,899.868125,SR1
DistributionCentreAucklandCountdownMangereMallCountdownRoselandsSuperValuePapakuraDistributionCentreAuckland,881.025625,SR1
DistributionCentreAucklandCountdownMangereMallCountdownTakaniniSuperValueFlatbushDistributionCentreAuckland,857.824375,SR1
DistributionCentreAucklandCountdownMangereMallCountdownTakaniniSuperValuePapakuraDistributionCentreAuckland,859.81,SR1
DistributionCentreAucklandCountdownMangereMallSuperValueFlatbushSuperValuePapakuraDistributionCentreAuckland,814.161875,SR1
DistributionCentreAucklandCountdownManukauCountdownManukauMallCountdownPapatoetoeDistributionCentreAuckland,898.134375,SR1
DistributionCentreAucklandCountdownManukauCountdownManukauMallSuperValueFlatbushDistributionCentreAuckland,812.163125,SR1
DistributionCentreAucklandCountdownManukauCountdownManukauMallSuperValuePapakuraDistributionCentreAuckland,894.4375,SR1
DistributionCentreAucklandCountdownManukauCountdownManurewaSuperValueFlatbushDistributionCentreAuckland,868.2812499999999,SR1
DistributionCentreAucklandCountdownManukauCountdownPapakuraSuperValuePapakuraDistributionCentreAuckland,873.933125,SR1
DistributionCentreAucklandCountdownManukauCountdownPapatoetoeSuperValueFlatbushDistributionCentreAuckland,832.4243749999999,SR1
DistributionCentreAucklandCountdownManukauCountdownRoselandsSuperValuePapakuraDistributionCentreAuckland,894.163125,SR1
DistributionCentreAucklandCountdownManukauCountdownTakaniniSuperValueFlatbushDistributionCentreAuckland,870.9618750000001,SR1
DistributionCentreAucklandCountdownManukauCountdownTakaniniSuperValuePapakuraDistributionCentreAuckland,872.9475,SR1
DistributionCentreAucklandCountdownManukauSuperValueFlatbushSuperValuePapakuraDistributionCentreAuckland,810.739375,SR1
DistributionCentreAucklandCountdownManukauMallCountdownManurewaSuperValueFlatbushDistributionCentreAuckland,882.8306249999998,SR1
DistributionCentreAucklandCountdownManukauMallCountdownPapakuraSuperValuePapakuraDistributionCentreAuckland,888.106875,SR1
DistributionCentreAucklandCountdownManukauMallCountdownPapatoetoeSuperValueFlatbushDistributionCentreAuckland,859.3131250000001,SR1
DistributionCentreAucklandCountdownManukauMallCountdownTakaniniSuperValueFlatbushDistributionCentreAuckland,885.13625,SR1
DistributionCentreAucklandCountdownManukauMallCountdownTakaniniSuperValuePapakuraDistributionCentreAuckland,887.121875,SR1
DistributionCentreAucklandCountdownManukauMallSuperValueFlatbushSuperValuePapakuraDistributionCentreAuckland,833.020625,SR1
DistributionCentreAucklandCountdownManurewaCountdownPapatoetoeSuperValueFlatbushDistributionCentreAuckland,889.2631250000001,SR1
DistributionCentreAucklandCountdownManurewaSuperValueFlatbushSuperValuePapakuraDistributionCentreAuckland,862.72,SR1
DistributionCentreAucklandCountdownPapakuraCountdownRoselandsSuperValuePapakuraDistributionCentreAuckland,881.484375,SR1
DistributionCentreAucklandCountdownPapakuraCountdownTakaniniSuperValueFlatbushDistributionCentreAuckland,888.751875,SR1
DistributionCentreAucklandCountdownPapakuraCountdownTakaniniSuperValuePapakuraDistributionCentreAuckland,890.7375,SR1
DistributionCentreAucklandCountdownPapatoetoeCountdownTakaniniSuperValueFlatbushDistributionCentreAuckland,893.9575,SR1
DistributionCentreAucklandCountdownPapatoetoeCountdownTakaniniSuperValuePapakuraDistributionCentreAuckland,895.9431249999999,SR1
DistributionCentreAucklandCountdownPapatoetoeSuperValueFlatbushSuperValuePapakuraDistributionCentreAuckland,825.4325,SR1
DistributionCentreAucklandCountdownTakaniniSuperValueFlatbushSuperValuePapakuraDistributionCentreAuckland,879.4256250000001,SR1
DistributionCentreAucklandCountdownAucklandCityCountdownGreenlaneDistributionCentreAuckland,758.10375,SR5
DistributionCentreAucklandCountdownAucklandCityCountdownGreyLynnDistributionCentreAuckland,769.18375,SR5
DistributionCentreAucklandCountdownAucklandCityCountdownGreyLynnCentralDistributionCentreAuckland,766.71,SR5
DistributionCentreAucklandCountdownAucklandCityCountdownMetroAlbertStreetDistributionCentreAuckland,627.0706250000001,SR5
DistributionCentreAucklandCountdownAucklandCityCountdownMetroHalseyStreetDistributionCentreAuckland,615.5550000000001,SR5
DistributionCentreAucklandCountdownAucklandCityCountdownMtEdenDistributionCentreAuckland,727.625625,SR5
DistributionCentreAucklandCountdownAucklandCityCountdownMtRoskillDistributionCentreAuckland,736.1868750000001,SR5
DistributionCentreAucklandCountdownAucklandCityCountdownNewmarketDistributionCentreAuckland,733.0912500000001,SR5
DistributionCentreAucklandCountdownAucklandCityCountdownOnehungaDistributionCentreAuckland,724.1456249999999,SR5
DistributionCentreAucklandCountdownAucklandCityCountdownPonsonbyDistributionCentreAuckland,755.2774999999999,SR5
DistributionCentreAucklandCountdownAucklandCityCountdownPtChevalierDistributionCentreAuckland,762.57875,SR5
DistributionCentreAucklandCountdownAucklandCityCountdownStJohnsDistributionCentreAuckland,773.375,SR5
DistributionCentreAucklandCountdownAucklandCityCountdownStLukesDistributionCentreAuckland,726.903125,SR5
DistributionCentreAucklandCountdownAucklandCityCountdownThreeKingsDistributionCentreAuckland,770.5437499999999,SR5
DistributionCentreAucklandCountdownAucklandCityCountdownVictoriaStreetWestDistributionCentreAuckland,771.2975,SR5
DistributionCentreAucklandCountdownGreenlaneCountdownGreyLynnDistributionCentreAuckland,739.0575,SR5
DistributionCentreAucklandCountdownGreenlaneCountdownGreyLynnCentralDistributionCentreAuckland,727.3975,SR5
DistributionCentreAucklandCountdownGreenlaneCountdownMetroAlbertStreetDistributionCentreAuckland,630.051875,SR5
DistributionCentreAucklandCountdownGreenlaneCountdownMetroHalseyStreetDistributionCentreAuckland,610.3750000000001,SR5
DistributionCentreAucklandCountdownGreenlaneCountdownMtEdenDistributionCentreAuckland,667.9325000000001,SR5
DistributionCentreAucklandCountdownGreenlaneCountdownMtRoskillDistributionCentreAuckland,675.8162500000001,SR5
DistributionCentreAucklandCountdownGreenlaneCountdownNewmarketDistributionCentreAuckland,681.3124999999999,SR5
DistributionCentreAucklandCountdownGreenlaneCountdownOnehungaDistributionCentreAuckland,632.905,SR5
DistributionCentreAucklandCountdownGreenlaneCountdownPonsonbyDistributionCentreAuckland,726.0262499999999,SR5
DistributionCentreAucklandCountdownGreenlaneCountdownPtChevalierDistributionCentreAuckland,726.253125,SR5
DistributionCentreAucklandCountdownGreenlaneCountdownStJohnsDistributionCentreAuckland,718.28,SR5
DistributionCentreAucklandCountdownGreenlaneCountdownStLukesDistributionCentreAuckland,690.5775,SR5
DistributionCentreAucklandCountdownGreenlaneCountdownThreeKingsDistributionCentreAuckland,705.815625,SR5
DistributionCentreAucklandCountdownGreenlaneCountdownVictoriaStreetWestDistributionCentreAuckland,760.743125,SR5
DistributionCentreAucklandCountdownGreyLynnCountdownGreyLynnCentralDistributionCentreAuckland,714.36,SR5
DistributionCentreAucklandCountdownGreyLynnCountdownMetroAlbertStreetDistributionCentreAuckland,644.58125,SR5
DistributionCentreAucklandCountdownGreyLynnCountdownMetroHalseyStreetDistributionCentreAuckland,610.233125,SR5
DistributionCentreAucklandCountdownGreyLynnCountdownMtEdenDistributionCentreAuckland,701.745,SR5
DistributionCentreAucklandCountdownGreyLynnCountdownMtRoskillDistributionCentreAuckland,703.4162500000001,SR5
DistributionCentreAucklandCountdownGreyLynnCountdownNewmarketDistributionCentreAuckland,728.084375,SR5
DistributionCentreAucklandCountdownGreyLynnCountdownOnehungaDistributionCentreAuckland,701.3000000000001,SR5
DistributionCentreAucklandCountdownGreyLynnCountdownPonsonbyDistributionCentreAuckland,721.3281250000001,SR5
DistributionCentreAucklandCountdownGreyLynnCountdownPtChevalierDistributionCentreAuckland,732.17125,SR5
DistributionCentreAucklandCountdownGreyLynnCountdownStJohnsDistributionCentreAuckland,795.744375,SR5
DistributionCentreAucklandCountdownGreyLynnCountdownStLukesDistributionCentreAuckland,698.008125,SR5
DistributionCentreAucklandCountdownGreyLynnCountdownThreeKingsDistributionCentreAuckland,773.31625,SR5
DistributionCentreAucklandCountdownGreyLynnCountdownVictoriaStreetWestDistributionCentreAuckland,782.5787499999999,SR5
DistributionCentreAucklandCountdownGreyLynnCentralCountdownMetroAlbertStreetDistributionCentreAuckland,640.919375,SR5
DistributionCentreAucklandCountdownGreyLynnCentralCountdownMetroHalseyStreetDistributionCentreAuckland,614.0187500000001,SR5
DistributionCentreAucklandCountdownGreyLynnCentralCountdownMtEdenDistributionCentreAuckland,677.3625,SR5
DistributionCentreAucklandCountdownGreyLynnCentralCountdownMtRoskillDistributionCentreAuckland,679.03375,SR5
DistributionCentreAucklandCountdownGreyLynnCentralCountdownNewmarketDistributionCentreAuckland,712.798125,SR5
DistributionCentreAucklandCountdownGreyLynnCentralCountdownOnehungaDistributionCentreAuckland,679.94125,SR5
DistributionCentreAucklandCountdownGreyLynnCentralCountdownPonsonbyDistributionCentreAuckland,704.8387499999999,SR5
DistributionCentreAucklandCountdownGreyLynnCentralCountdownPtChevalierDistributionCentreAuckland,713.3543749999999,SR5
DistributionCentreAucklandCountdownGreyLynnCentralCountdownStJohnsDistributionCentreAuckland,780.458125,SR5
DistributionCentreAucklandCountdownGreyLynnCentralCountdownStLukesDistributionCentreAuckland,673.625,SR5
DistributionCentreAucklandCountdownGreyLynnCentralCountdownThreeKingsDistributionCentreAuckland,751.9575000000001,SR5
DistributionCentreAucklandCountdownGreyLynnCentralCountdownVictoriaStreetWestDistributionCentreAuckland,776.200625,SR5
DistributionCentreAucklandCountdownMetroAlbertStreetCountdownMetroHalseyStreetDistributionCentreAuckland,495.7018750000001,SR5
DistributionCentreAucklandCountdownMetroAlbertStreetCountdownMtEdenDistributionCentreAuckland,608.3974999999999,SR5
DistributionCentreAucklandCountdownMetroAlbertStreetCountdownMtRoskillDistributionCentreAuckland,621.7218750000001,SR5
DistributionCentreAucklandCountdownMetroAlbertStreetCountdownNewmarketDistributionCentreAuckland,621.05625,SR5
DistributionCentreAucklandCountdownMetroAlbertStreetCountdownOnehungaDistributionCentreAuckland,609.6806249999998,SR5
DistributionCentreAucklandCountdownMetroAlbertStreetCountdownPonsonbyDistributionCentreAuckland,635.4243749999999,SR5
DistributionCentreAucklandCountdownMetroAlbertStreetCountdownPtChevalierDistributionCentreAuckland,648.114375,SR5
DistributionCentreAucklandCountdownMetroAlbertStreetCountdownStJohnsDistributionCentreAuckland,666.225625,SR5
DistributionCentreAucklandCountdownMetroAlbertStreetCountdownStLukesDistributionCentreAuckland,612.43875,SR5
DistributionCentreAucklandCountdownMetroAlbertStreetCountdownThreeKingsDistributionCentreAuckland,658.5087500000001,SR5
DistributionCentreAucklandCountdownMetroAlbertStreetCountdownVictoriaStreetWestDistributionCentreAuckland,657.940625,SR5
DistributionCentreAucklandCountdownMetroHalseyStreetCountdownMtEdenDistributionCentreAuckland,598.6350000000001,SR5
DistributionCentreAucklandCountdownMetroHalseyStreetCountdownMtRoskillDistributionCentreAuckland,597.688125,SR5
DistributionCentreAucklandCountdownMetroHalseyStreetCountdownNewmarketDistributionCentreAuckland,604.1006249999999,SR5
DistributionCentreAucklandCountdownMetroHalseyStreetCountdownOnehungaDistributionCentreAuckland,585.6474999999999,SR5
DistributionCentreAucklandCountdownMetroHalseyStreetCountdownPonsonbyDistributionCentreAuckland,608.01875,SR5
DistributionCentreAucklandCountdownMetroHalseyStreetCountdownPtChevalierDistributionCentreAuckland,624.0806249999999,SR5
DistributionCentreAucklandCountdownMetroHalseyStreetCountdownStJohnsDistributionCentreAuckland,671.760625,SR5
DistributionCentreAucklandCountdownMetroHalseyStreetCountdownStLukesDistributionCentreAuckland,588.4050000000001,SR5
DistributionCentreAucklandCountdownMetroHalseyStreetCountdownThreeKingsDistributionCentreAuckland,641.553125,SR5
DistributionCentreAucklandCountdownMetroHalseyStreetCountdownVictoriaStreetWestDistributionCentreAuckland,636.160625,SR5
DistributionCentreAucklandCountdownMtEdenCountdownMtRoskillDistributionCentreAuckland,638.3525000000001,SR5
DistributionCentreAucklandCountdownMtEdenCountdownNewmarketDistributionCentreAuckland,666.85375,SR5
DistributionCentreAucklandCountdownMtEdenCountdownOnehungaDistributionCentreAuckland,633.74125,SR5
DistributionCentreAucklandCountdownMtEdenCountdownPonsonbyDistributionCentreAuckland,690.6462499999999,SR5
DistributionCentreAucklandCountdownMtEdenCountdownPtChevalierDistributionCentreAuckland,693.3943750000001,SR5
DistributionCentreAucklandCountdownMtEdenCountdownStJohnsDistributionCentreAuckland,737.57,SR5
DistributionCentreAucklandCountdownMtEdenCountdownStLukesDistributionCentreAuckland,636.055,SR5
DistributionCentreAucklandCountdownMtEdenCountdownThreeKingsDistributionCentreAuckland,681.6862500000001,SR5
DistributionCentreAucklandCountdownMtEdenCountdownVictoriaStreetWestDistributionCentreAuckland,737.0568749999999,SR5
DistributionCentreAucklandCountdownMtRoskillCountdownNewmarketDistributionCentreAuckland,680.12125,SR5
DistributionCentreAucklandCountdownMtRoskillCountdownOnehungaDistributionCentreAuckland,601.035,SR5
DistributionCentreAucklandCountdownMtRoskillCountdownPonsonbyDistributionCentreAuckland,698.370625,SR5
DistributionCentreAucklandCountdownMtRoskillCountdownPtChevalierDistributionCentreAuckland,679.086875,SR5
DistributionCentreAucklandCountdownMtRoskillCountdownStJohnsDistributionCentreAuckland,741.6,SR5
DistributionCentreAucklandCountdownMtRoskillCountdownStLukesDistributionCentreAuckland,621.3143749999999,SR5
DistributionCentreAucklandCountdownMtRoskillCountdownThreeKingsDistributionCentreAuckland,657.8537500000001,SR5
DistributionCentreAucklandCountdownMtRoskillCountdownVictoriaStreetWestDistributionCentreAuckland,761.139375,SR5
DistributionCentreAucklandCountdownNewmarketCountdownOnehungaDistributionCentreAuckland,667.2275000000001,SR5
DistributionCentreAucklandCountdownNewmarketCountdownPonsonbyDistributionCentreAuckland,705.43375,SR5
DistributionCentreAucklandCountdownNewmarketCountdownPtChevalierDistributionCentreAuckland,705.660625,SR5
DistributionCentreAucklandCountdownNewmarketCountdownStJohnsDistributionCentreAuckland,732.073125,SR5
DistributionCentreAucklandCountdownNewmarketCountdownStLukesDistributionCentreAuckland,669.985,SR5
DistributionCentreAucklandCountdownNewmarketCountdownThreeKingsDistributionCentreAuckland,694.5568750000001,SR5
DistributionCentreAucklandCountdownNewmarketCountdownVictoriaStreetWestDistributionCentreAuckland,740.15125,SR5
DistributionCentreAucklandCountdownOnehungaCountdownPonsonbyDistributionCentreAuckland,709.673125,SR5
DistributionCentreAucklandCountdownOnehungaCountdownPtChevalierDistributionCentreAuckland,699.6987500000001,SR5
DistributionCentreAucklandCountdownOnehungaCountdownStJohnsDistributionCentreAuckland,683.5137500000001,SR5
DistributionCentreAucklandCountdownOnehungaCountdownStLukesDistributionCentreAuckland,646.1350000000001,SR5
DistributionCentreAucklandCountdownOnehungaCountdownThreeKingsDistributionCentreAuckland,641.241875,SR5
DistributionCentreAucklandCountdownOnehungaCountdownVictoriaStreetWestDistributionCentreAuckland,761.0525000000001,SR5
DistributionCentreAucklandCountdownPonsonbyCountdownPtChevalierDistributionCentreAuckland,726.996875,SR5
DistributionCentreAucklandCountdownPonsonbyCountdownStJohnsDistributionCentreAuckland,779.308125,SR5
DistributionCentreAucklandCountdownPonsonbyCountdownStLukesDistributionCentreAuckland,687.2675,SR5
DistributionCentreAucklandCountdownPonsonbyCountdownThreeKingsDistributionCentreAuckland,749.100625,SR5
DistributionCentreAucklandCountdownPonsonbyCountdownVictoriaStreetWestDistributionCentreAuckland,767.3156250000001,SR5
DistributionCentreAucklandCountdownPtChevalierCountdownStJohnsDistributionCentreAuckland,793.09875,SR5
DistributionCentreAucklandCountdownPtChevalierCountdownStLukesDistributionCentreAuckland,684.1525000000001,SR5
DistributionCentreAucklandCountdownPtChevalierCountdownThreeKingsDistributionCentreAuckland,755.6250000000001,SR5
DistributionCentreAucklandCountdownPtChevalierCountdownVictoriaStreetWestDistributionCentreAuckland,788.84125,SR5
DistributionCentreAucklandCountdownStJohnsCountdownStLukesDistributionCentreAuckland,725.704375,SR5
DistributionCentreAucklandCountdownStJohnsCountdownThreeKingsDistributionCentreAuckland,747.426875,SR5
DistributionCentreAucklandCountdownStJohnsCountdownVictoriaStreetWestDistributionCentreAuckland,795.8699999999999,SR5
DistributionCentreAucklandCountdownStLukesCountdownThreeKingsDistributionCentreAuckland,678.878125,SR5
DistributionCentreAucklandCountdownStLukesCountdownVictoriaStreetWestDistributionCentreAuckland,750.0743749999999,SR5
DistributionCentreAucklandCountdownThreeKingsCountdownVictoriaStreetWestDistributionCentreAuckland,790.785625,SR5
DistributionCentreAucklandCountdownAucklandCityCountdownMetroAlbertStreetCountdownMetroHalseyStreetDistributionCentreAuckland,756.1800000000001,SR5
DistributionCentreAucklandCountdownAucklandCityCountdownMetroAlbertStreetCountdownMtEdenDistributionCentreAuckland,868.8756250000001,SR5
DistributionCentreAucklandCountdownAucklandCityCountdownMetroAlbertStreetCountdownMtRoskillDistributionCentreAuckland,882.2,SR5
DistributionCentreAucklandCountdownAucklandCityCountdownMetroAlbertStreetCountdownNewmarketDistributionCentreAuckland,881.5343750000001,SR5
DistributionCentreAucklandCountdownAucklandCityCountdownMetroAlbertStreetCountdownOnehungaDistributionCentreAuckland,870.15875,SR5
DistributionCentreAucklandCountdownAucklandCityCountdownMetroAlbertStreetCountdownPonsonbyDistributionCentreAuckland,895.9025,SR5
DistributionCentreAucklandCountdownAucklandCityCountdownMetroAlbertStreetCountdownStLukesDistributionCentreAuckland,872.9168750000001,SR5
DistributionCentreAucklandCountdownAucklandCityCountdownMetroHalseyStreetCountdownMtEdenDistributionCentreAuckland,871.63125,SR5
DistributionCentreAucklandCountdownAucklandCityCountdownMetroHalseyStreetCountdownMtRoskillDistributionCentreAuckland,870.684375,SR5
DistributionCentreAucklandCountdownAucklandCityCountdownMetroHalseyStreetCountdownNewmarketDistributionCentreAuckland,877.0968750000001,SR5
DistributionCentreAucklandCountdownAucklandCityCountdownMetroHalseyStreetCountdownOnehungaDistributionCentreAuckland,858.64375,SR5
DistributionCentreAucklandCountdownAucklandCityCountdownMetroHalseyStreetCountdownPonsonbyDistributionCentreAuckland,881.015,SR5
DistributionCentreAucklandCountdownAucklandCityCountdownMetroHalseyStreetCountdownPtChevalierDistributionCentreAuckland,897.0768750000001,SR5
DistributionCentreAucklandCountdownAucklandCityCountdownMetroHalseyStreetCountdownStLukesDistributionCentreAuckland,861.4012500000001,SR5
DistributionCentreAucklandCountdownGreenlaneCountdownGreyLynnCountdownMetroHalseyStreetDistributionCentreAuckland,891.079375,SR5
DistributionCentreAucklandCountdownGreenlaneCountdownMetroAlbertStreetCountdownMetroHalseyStreetDistributionCentreAuckland,759.1612499999999,SR5
DistributionCentreAucklandCountdownGreenlaneCountdownMetroAlbertStreetCountdownMtEdenDistributionCentreAuckland,871.856875,SR5
DistributionCentreAucklandCountdownGreenlaneCountdownMetroAlbertStreetCountdownMtRoskillDistributionCentreAuckland,885.18125,SR5
DistributionCentreAucklandCountdownGreenlaneCountdownMetroAlbertStreetCountdownNewmarketDistributionCentreAuckland,884.5156249999999,SR5
DistributionCentreAucklandCountdownGreenlaneCountdownMetroAlbertStreetCountdownOnehungaDistributionCentreAuckland,873.1399999999999,SR5
DistributionCentreAucklandCountdownGreenlaneCountdownMetroAlbertStreetCountdownPonsonbyDistributionCentreAuckland,898.8837499999998,SR5
DistributionCentreAucklandCountdownGreenlaneCountdownMetroAlbertStreetCountdownStLukesDistributionCentreAuckland,875.8981249999999,SR5
DistributionCentreAucklandCountdownGreenlaneCountdownMetroHalseyStreetCountdownMtEdenDistributionCentreAuckland,866.4512500000001,SR5
DistributionCentreAucklandCountdownGreenlaneCountdownMetroHalseyStreetCountdownMtRoskillDistributionCentreAuckland,865.5043750000001,SR5
DistributionCentreAucklandCountdownGreenlaneCountdownMetroHalseyStreetCountdownNewmarketDistributionCentreAuckland,871.916875,SR5
DistributionCentreAucklandCountdownGreenlaneCountdownMetroHalseyStreetCountdownOnehungaDistributionCentreAuckland,853.46375,SR5
DistributionCentreAucklandCountdownGreenlaneCountdownMetroHalseyStreetCountdownPonsonbyDistributionCentreAuckland,875.8349999999999,SR5
DistributionCentreAucklandCountdownGreenlaneCountdownMetroHalseyStreetCountdownPtChevalierDistributionCentreAuckland,891.896875,SR5
DistributionCentreAucklandCountdownGreenlaneCountdownMetroHalseyStreetCountdownStLukesDistributionCentreAuckland,856.22125,SR5
DistributionCentreAucklandCountdownGreyLynnCountdownGreyLynnCentralCountdownMetroHalseyStreetDistributionCentreAuckland,891.52625,SR5
DistributionCentreAucklandCountdownGreyLynnCountdownMetroAlbertStreetCountdownMetroHalseyStreetDistributionCentreAuckland,773.690625,SR5
DistributionCentreAucklandCountdownGreyLynnCountdownMetroAlbertStreetCountdownMtEdenDistributionCentreAuckland,886.3862499999999,SR5
DistributionCentreAucklandCountdownGreyLynnCountdownMetroAlbertStreetCountdownMtRoskillDistributionCentreAuckland,899.7106249999999,SR5
DistributionCentreAucklandCountdownGreyLynnCountdownMetroAlbertStreetCountdownNewmarketDistributionCentreAuckland,899.045,SR5
DistributionCentreAucklandCountdownGreyLynnCountdownMetroAlbertStreetCountdownOnehungaDistributionCentreAuckland,887.669375,SR5
DistributionCentreAucklandCountdownGreyLynnCountdownMetroAlbertStreetCountdownStLukesDistributionCentreAuckland,890.4274999999999,SR5
DistributionCentreAucklandCountdownGreyLynnCountdownMetroHalseyStreetCountdownMtEdenDistributionCentreAuckland,866.3093749999999,SR5
DistributionCentreAucklandCountdownGreyLynnCountdownMetroHalseyStreetCountdownMtRoskillDistributionCentreAuckland,865.3625,SR5
DistributionCentreAucklandCountdownGreyLynnCountdownMetroHalseyStreetCountdownNewmarketDistributionCentreAuckland,871.775,SR5
DistributionCentreAucklandCountdownGreyLynnCountdownMetroHalseyStreetCountdownOnehungaDistributionCentreAuckland,853.3218749999999,SR5
DistributionCentreAucklandCountdownGreyLynnCountdownMetroHalseyStreetCountdownPonsonbyDistributionCentreAuckland,875.6931249999999,SR5
DistributionCentreAucklandCountdownGreyLynnCountdownMetroHalseyStreetCountdownPtChevalierDistributionCentreAuckland,891.755,SR5
DistributionCentreAucklandCountdownGreyLynnCountdownMetroHalseyStreetCountdownStLukesDistributionCentreAuckland,856.079375,SR5
DistributionCentreAucklandCountdownGreyLynnCentralCountdownMetroAlbertStreetCountdownMetroHalseyStreetDistributionCentreAuckland,770.0287500000001,SR5
DistributionCentreAucklandCountdownGreyLynnCentralCountdownMetroAlbertStreetCountdownMtEdenDistributionCentreAuckland,882.724375,SR5
DistributionCentreAucklandCountdownGreyLynnCentralCountdownMetroAlbertStreetCountdownMtRoskillDistributionCentreAuckland,896.04875,SR5
DistributionCentreAucklandCountdownGreyLynnCentralCountdownMetroAlbertStreetCountdownNewmarketDistributionCentreAuckland,895.383125,SR5
DistributionCentreAucklandCountdownGreyLynnCentralCountdownMetroAlbertStreetCountdownOnehungaDistributionCentreAuckland,884.0074999999999,SR5
DistributionCentreAucklandCountdownGreyLynnCentralCountdownMetroAlbertStreetCountdownStLukesDistributionCentreAuckland,886.765625,SR5
DistributionCentreAucklandCountdownGreyLynnCentralCountdownMetroHalseyStreetCountdownMtEdenDistributionCentreAuckland,870.0949999999999,SR5
DistributionCentreAucklandCountdownGreyLynnCentralCountdownMetroHalseyStreetCountdownMtRoskillDistributionCentreAuckland,869.1481249999999,SR5
DistributionCentreAucklandCountdownGreyLynnCentralCountdownMetroHalseyStreetCountdownNewmarketDistributionCentreAuckland,875.560625,SR5
DistributionCentreAucklandCountdownGreyLynnCentralCountdownMetroHalseyStreetCountdownOnehungaDistributionCentreAuckland,857.1075,SR5
DistributionCentreAucklandCountdownGreyLynnCentralCountdownMetroHalseyStreetCountdownPonsonbyDistributionCentreAuckland,879.47875,SR5
DistributionCentreAucklandCountdownGreyLynnCentralCountdownMetroHalseyStreetCountdownPtChevalierDistributionCentreAuckland,895.540625,SR5
DistributionCentreAucklandCountdownGreyLynnCentralCountdownMetroHalseyStreetCountdownStLukesDistributionCentreAuckland,859.865,SR5
DistributionCentreAucklandCountdownMetroAlbertStreetCountdownMetroHalseyStreetCountdownMtEdenDistributionCentreAuckland,751.778125,SR5
DistributionCentreAucklandCountdownMetroAlbertStreetCountdownMetroHalseyStreetCountdownMtRoskillDistributionCentreAuckland,750.8312500000001,SR5
DistributionCentreAucklandCountdownMetroAlbertStreetCountdownMetroHalseyStreetCountdownNewmarketDistributionCentreAuckland,757.24375,SR5
DistributionCentreAucklandCountdownMetroAlbertStreetCountdownMetroHalseyStreetCountdownOnehungaDistributionCentreAuckland,738.7906250000001,SR5
DistributionCentreAucklandCountdownMetroAlbertStreetCountdownMetroHalseyStreetCountdownPonsonbyDistributionCentreAuckland,761.161875,SR5
DistributionCentreAucklandCountdownMetroAlbertStreetCountdownMetroHalseyStreetCountdownPtChevalierDistributionCentreAuckland,777.22375,SR5
DistributionCentreAucklandCountdownMetroAlbertStreetCountdownMetroHalseyStreetCountdownStJohnsDistributionCentreAuckland,824.9037500000001,SR5
DistributionCentreAucklandCountdownMetroAlbertStreetCountdownMetroHalseyStreetCountdownStLukesDistributionCentreAuckland,741.548125,SR5
DistributionCentreAucklandCountdownMetroAlbertStreetCountdownMetroHalseyStreetCountdownThreeKingsDistributionCentreAuckland,794.6962500000001,SR5
DistributionCentreAucklandCountdownMetroAlbertStreetCountdownMetroHalseyStreetCountdownVictoriaStreetWestDistributionCentreAuckland,789.30375,SR5
DistributionCentreAucklandCountdownMetroAlbertStreetCountdownMtEdenCountdownMtRoskillDistributionCentreAuckland,856.0975,SR5
DistributionCentreAucklandCountdownMetroAlbertStreetCountdownMtEdenCountdownNewmarketDistributionCentreAuckland,884.59875,SR5
DistributionCentreAucklandCountdownMetroAlbertStreetCountdownMtEdenCountdownOnehungaDistributionCentreAuckland,851.4862499999999,SR5
DistributionCentreAucklandCountdownMetroAlbertStreetCountdownMtEdenCountdownStLukesDistributionCentreAuckland,853.8,SR5
DistributionCentreAucklandCountdownMetroAlbertStreetCountdownMtEdenCountdownThreeKingsDistributionCentreAuckland,899.43125,SR5
DistributionCentreAucklandCountdownMetroAlbertStreetCountdownMtRoskillCountdownOnehungaDistributionCentreAuckland,864.8106250000001,SR5
DistributionCentreAucklandCountdownMetroAlbertStreetCountdownMtRoskillCountdownStLukesDistributionCentreAuckland,885.09,SR5
DistributionCentreAucklandCountdownMetroAlbertStreetCountdownNewmarketCountdownOnehungaDistributionCentreAuckland,864.1449999999999,SR5
DistributionCentreAucklandCountdownMetroAlbertStreetCountdownNewmarketCountdownStLukesDistributionCentreAuckland,866.9024999999999,SR5
DistributionCentreAucklandCountdownMetroAlbertStreetCountdownNewmarketCountdownThreeKingsDistributionCentreAuckland,891.474375,SR5
DistributionCentreAucklandCountdownMetroAlbertStreetCountdownPonsonbyCountdownStLukesDistributionCentreAuckland,872.1968750000001,SR5
DistributionCentreAucklandCountdownMetroAlbertStreetCountdownPtChevalierCountdownStLukesDistributionCentreAuckland,891.74625,SR5
DistributionCentreAucklandCountdownMetroHalseyStreetCountdownMtEdenCountdownMtRoskillDistributionCentreAuckland,846.335,SR5
DistributionCentreAucklandCountdownMetroHalseyStreetCountdownMtEdenCountdownNewmarketDistributionCentreAuckland,874.8362500000001,SR5
DistributionCentreAucklandCountdownMetroHalseyStreetCountdownMtEdenCountdownOnehungaDistributionCentreAuckland,841.72375,SR5
DistributionCentreAucklandCountdownMetroHalseyStreetCountdownMtEdenCountdownPonsonbyDistributionCentreAuckland,898.62875,SR5
DistributionCentreAucklandCountdownMetroHalseyStreetCountdownMtEdenCountdownStLukesDistributionCentreAuckland,844.0375000000001,SR5
DistributionCentreAucklandCountdownMetroHalseyStreetCountdownMtEdenCountdownThreeKingsDistributionCentreAuckland,889.66875,SR5
DistributionCentreAucklandCountdownMetroHalseyStreetCountdownMtRoskillCountdownOnehungaDistributionCentreAuckland,840.7768749999999,SR5
DistributionCentreAucklandCountdownMetroHalseyStreetCountdownMtRoskillCountdownStLukesDistributionCentreAuckland,861.0562500000001,SR5
DistributionCentreAucklandCountdownMetroHalseyStreetCountdownMtRoskillCountdownThreeKingsDistributionCentreAuckland,897.595625,SR5
DistributionCentreAucklandCountdownMetroHalseyStreetCountdownNewmarketCountdownOnehungaDistributionCentreAuckland,847.1893749999999,SR5
DistributionCentreAucklandCountdownMetroHalseyStreetCountdownNewmarketCountdownPonsonbyDistributionCentreAuckland,885.3956249999999,SR5
DistributionCentreAucklandCountdownMetroHalseyStreetCountdownNewmarketCountdownPtChevalierDistributionCentreAuckland,885.6224999999998,SR5
DistributionCentreAucklandCountdownMetroHalseyStreetCountdownNewmarketCountdownStLukesDistributionCentreAuckland,849.9468749999999,SR5
DistributionCentreAucklandCountdownMetroHalseyStreetCountdownNewmarketCountdownThreeKingsDistributionCentreAuckland,874.51875,SR5
DistributionCentreAucklandCountdownMetroHalseyStreetCountdownPonsonbyCountdownPtChevalierDistributionCentreAuckland,884.520625,SR5
DistributionCentreAucklandCountdownMetroHalseyStreetCountdownPonsonbyCountdownStLukesDistributionCentreAuckland,844.79125,SR5
DistributionCentreAucklandCountdownMetroHalseyStreetCountdownPtChevalierCountdownStLukesDistributionCentreAuckland,867.7124999999999,SR5
DistributionCentreAucklandCountdownMetroHalseyStreetCountdownStLukesCountdownThreeKingsDistributionCentreAuckland,880.32625,SR5
DistributionCentreAucklandCountdownMtEdenCountdownMtRoskillCountdownOnehungaDistributionCentreAuckland,881.44125,SR5
DistributionCentreAucklandCountdownAviemoreDriveCountdownBotanyDownsDistributionCentreAuckland,717.800625,SR2
DistributionCentreAucklandCountdownAviemoreDriveCountdownHighlandParkDistributionCentreAuckland,675.57875,SR2
DistributionCentreAucklandCountdownAviemoreDriveCountdownHowickDistributionCentreAuckland,740.8212500000002,SR2
DistributionCentreAucklandCountdownAviemoreDriveCountdownMeadowbankDistributionCentreAuckland,746.1625,SR2
DistributionCentreAucklandCountdownAviemoreDriveCountdownMeadowlandsDistributionCentreAuckland,727.548125,SR2
DistributionCentreAucklandCountdownAviemoreDriveCountdownMtWellingtonDistributionCentreAuckland,718.17125,SR2
DistributionCentreAucklandCountdownAviemoreDriveCountdownPakurangaDistributionCentreAuckland,682.510625,SR2
DistributionCentreAucklandCountdownAviemoreDriveCountdownSylviaParkDistributionCentreAuckland,722.688125,SR2
DistributionCentreAucklandCountdownAviemoreDriveFreshChoiceHalfMoonBayDistributionCentreAuckland,608.429375,SR2
DistributionCentreAucklandCountdownAviemoreDriveFreshChoiceOtahuhuDistributionCentreAuckland,560.85,SR2
DistributionCentreAucklandCountdownBotanyDownsCountdownHighlandParkDistributionCentreAuckland,719.9918749999999,SR2
DistributionCentreAucklandCountdownBotanyDownsCountdownHowickDistributionCentreAuckland,766.0337499999999,SR2
DistributionCentreAucklandCountdownBotanyDownsCountdownMeadowbankDistributionCentreAuckland,763.42375,SR2
DistributionCentreAucklandCountdownBotanyDownsCountdownMeadowlandsDistributionCentreAuckland,736.4025,SR2
DistributionCentreAucklandCountdownBotanyDownsCountdownMtWellingtonDistributionCentreAuckland,726.511875,SR2
DistributionCentreAucklandCountdownBotanyDownsCountdownPakurangaDistributionCentreAuckland,695.371875,SR2
DistributionCentreAucklandCountdownBotanyDownsCountdownSylviaParkDistributionCentreAuckland,731.028125,SR2
DistributionCentreAucklandCountdownBotanyDownsFreshChoiceHalfMoonBayDistributionCentreAuckland,652.806875,SR2
DistributionCentreAucklandCountdownBotanyDownsFreshChoiceOtahuhuDistributionCentreAuckland,560.6025,SR2
DistributionCentreAucklandCountdownHighlandParkCountdownHowickDistributionCentreAuckland,745.53,SR2
DistributionCentreAucklandCountdownHighlandParkCountdownMeadowbankDistributionCentreAuckland,750.484375,SR2
DistributionCentreAucklandCountdownHighlandParkCountdownMeadowlandsDistributionCentreAuckland,730.9787499999999,SR2
DistributionCentreAucklandCountdownHighlandParkCountdownMtWellingtonDistributionCentreAuckland,722.4931250000001,SR2
DistributionCentreAucklandCountdownHighlandParkCountdownPakurangaDistributionCentreAuckland,686.8325,SR2
DistributionCentreAucklandCountdownHighlandParkCountdownSylviaParkDistributionCentreAuckland,727.0093750000001,SR2
DistributionCentreAucklandCountdownHighlandParkFreshChoiceHalfMoonBayDistributionCentreAuckland,612.7512499999999,SR2
DistributionCentreAucklandCountdownHighlandParkFreshChoiceOtahuhuDistributionCentreAuckland,565.17125,SR2
DistributionCentreAucklandCountdownHowickCountdownMeadowbankDistributionCentreAuckland,817.7718749999999,SR2
DistributionCentreAucklandCountdownHowickCountdownMeadowlandsDistributionCentreAuckland,764.5475000000001,SR2
DistributionCentreAucklandCountdownHowickCountdownMtWellingtonDistributionCentreAuckland,789.780625,SR2
DistributionCentreAucklandCountdownHowickCountdownPakurangaDistributionCentreAuckland,754.1200000000001,SR2
DistributionCentreAucklandCountdownHowickCountdownSylviaParkDistributionCentreAuckland,794.2968750000001,SR2
DistributionCentreAucklandCountdownHowickFreshChoiceHalfMoonBayDistributionCentreAuckland,667.9643749999999,SR2
DistributionCentreAucklandCountdownHowickFreshChoiceOtahuhuDistributionCentreAuckland,621.61875,SR2
DistributionCentreAucklandCountdownMeadowbankCountdownMeadowlandsDistributionCentreAuckland,793.9143750000001,SR2
DistributionCentreAucklandCountdownMeadowbankCountdownMtWellingtonDistributionCentreAuckland,681.779375,SR2
DistributionCentreAucklandCountdownMeadowbankCountdownPakurangaDistributionCentreAuckland,693.161875,SR2
DistributionCentreAucklandCountdownMeadowbankCountdownSylviaParkDistributionCentreAuckland,686.97375,SR2
DistributionCentreAucklandCountdownMeadowbankFreshChoiceHalfMoonBayDistributionCentreAuckland,667.6631249999999,SR2
DistributionCentreAucklandCountdownMeadowbankFreshChoiceOtahuhuDistributionCentreAuckland,536.5218749999999,SR2
DistributionCentreAucklandCountdownMeadowlandsCountdownMtWellingtonDistributionCentreAuckland,757.8975,SR2
DistributionCentreAucklandCountdownMeadowlandsCountdownPakurangaDistributionCentreAuckland,726.756875,SR2
DistributionCentreAucklandCountdownMeadowlandsCountdownSylviaParkDistributionCentreAuckland,762.41375,SR2
DistributionCentreAucklandCountdownMeadowlandsFreshChoiceHalfMoonBayDistributionCentreAuckland,664.2225,SR2
DistributionCentreAucklandCountdownMeadowlandsFreshChoiceOtahuhuDistributionCentreAuckland,591.9875000000001,SR2
DistributionCentreAucklandCountdownMtWellingtonCountdownPakurangaDistributionCentreAuckland,656.908125,SR2
DistributionCentreAucklandCountdownMtWellingtonCountdownSylviaParkDistributionCentreAuckland,643.83,SR2
DistributionCentreAucklandCountdownMtWellingtonFreshChoiceHalfMoonBayDistributionCentreAuckland,637.6906250000001,SR2
DistributionCentreAucklandCountdownMtWellingtonFreshChoiceOtahuhuDistributionCentreAuckland,497.3831249999999,SR2
DistributionCentreAucklandCountdownPakurangaCountdownSylviaParkDistributionCentreAuckland,665.4950000000001,SR2
DistributionCentreAucklandCountdownPakurangaFreshChoiceHalfMoonBayDistributionCentreAuckland,608.0025,SR2
DistributionCentreAucklandCountdownPakurangaFreshChoiceOtahuhuDistributionCentreAuckland,503.65687500000007,SR2
DistributionCentreAucklandCountdownSylviaParkFreshChoiceHalfMoonBayDistributionCentreAuckland,645.5350000000001,SR2
DistributionCentreAucklandCountdownSylviaParkFreshChoiceOtahuhuDistributionCentreAuckland,487.01312499999995,SR2
DistributionCentreAucklandFreshChoiceHalfMoonBayFreshChoiceOtahuhuDistributionCentreAuckland,484.4393749999999,SR2
DistributionCentreAucklandCountdownAviemoreDriveCountdownBotanyDownsFreshChoiceOtahuhuDistributionCentreAuckland,830.798125,SR2
DistributionCentreAucklandCountdownAviemoreDriveCountdownHighlandParkFreshChoiceHalfMoonBayDistributionCentreAuckland,840.9581250000001,SR2
DistributionCentreAucklandCountdownAviemoreDriveCountdownHighlandParkFreshChoiceOtahuhuDistributionCentreAuckland,793.3781250000001,SR2
DistributionCentreAucklandCountdownAviemoreDriveCountdownHowickFreshChoiceOtahuhuDistributionCentreAuckland,853.8187500000001,SR2
DistributionCentreAucklandCountdownAviemoreDriveCountdownMeadowbankFreshChoiceOtahuhuDistributionCentreAuckland,859.16,SR2
DistributionCentreAucklandCountdownAviemoreDriveCountdownMeadowlandsFreshChoiceOtahuhuDistributionCentreAuckland,840.5456250000001,SR2
DistributionCentreAucklandCountdownAviemoreDriveCountdownMtWellingtonFreshChoiceOtahuhuDistributionCentreAuckland,831.1687499999999,SR2
DistributionCentreAucklandCountdownAviemoreDriveCountdownPakurangaFreshChoiceOtahuhuDistributionCentreAuckland,800.31,SR2
DistributionCentreAucklandCountdownAviemoreDriveCountdownSylviaParkFreshChoiceOtahuhuDistributionCentreAuckland,835.685625,SR2
DistributionCentreAucklandCountdownAviemoreDriveFreshChoiceHalfMoonBayFreshChoiceOtahuhuDistributionCentreAuckland,726.22875,SR2
DistributionCentreAucklandCountdownBotanyDownsCountdownHighlandParkFreshChoiceHalfMoonBayDistributionCentreAuckland,885.37125,SR2
DistributionCentreAucklandCountdownBotanyDownsCountdownHighlandParkFreshChoiceOtahuhuDistributionCentreAuckland,837.79125,SR2
DistributionCentreAucklandCountdownBotanyDownsCountdownHowickFreshChoiceOtahuhuDistributionCentreAuckland,879.03125,SR2
DistributionCentreAucklandCountdownBotanyDownsCountdownMeadowbankFreshChoiceOtahuhuDistributionCentreAuckland,876.42125,SR2
DistributionCentreAucklandCountdownBotanyDownsCountdownMeadowlandsFreshChoiceOtahuhuDistributionCentreAuckland,849.4000000000001,SR2
DistributionCentreAucklandCountdownBotanyDownsCountdownMtWellingtonFreshChoiceOtahuhuDistributionCentreAuckland,839.5093750000001,SR2
DistributionCentreAucklandCountdownBotanyDownsCountdownPakurangaFreshChoiceOtahuhuDistributionCentreAuckland,813.17125,SR2
DistributionCentreAucklandCountdownBotanyDownsCountdownSylviaParkFreshChoiceOtahuhuDistributionCentreAuckland,844.0256250000001,SR2
DistributionCentreAucklandCountdownBotanyDownsFreshChoiceHalfMoonBayFreshChoiceOtahuhuDistributionCentreAuckland,770.60625,SR2
DistributionCentreAucklandCountdownHighlandParkCountdownHowickFreshChoiceOtahuhuDistributionCentreAuckland,858.5275,SR2
DistributionCentreAucklandCountdownHighlandParkCountdownMeadowbankFreshChoiceOtahuhuDistributionCentreAuckland,863.4818750000001,SR2
DistributionCentreAucklandCountdownHighlandParkCountdownMeadowlandsFreshChoiceOtahuhuDistributionCentreAuckland,843.9762499999999,SR2
DistributionCentreAucklandCountdownHighlandParkCountdownMtWellingtonFreshChoiceOtahuhuDistributionCentreAuckland,835.4906250000001,SR2
DistributionCentreAucklandCountdownHighlandParkCountdownPakurangaFreshChoiceOtahuhuDistributionCentreAuckland,804.6318749999999,SR2
DistributionCentreAucklandCountdownHighlandParkCountdownSylviaParkFreshChoiceOtahuhuDistributionCentreAuckland,840.006875,SR2
DistributionCentreAucklandCountdownHighlandParkFreshChoiceHalfMoonBayFreshChoiceOtahuhuDistributionCentreAuckland,730.5506250000001,SR2
DistributionCentreAucklandCountdownHowickCountdownMeadowlandsFreshChoiceOtahuhuDistributionCentreAuckland,877.5450000000001,SR2
DistributionCentreAucklandCountdownHowickCountdownPakurangaFreshChoiceOtahuhuDistributionCentreAuckland,871.9193750000001,SR2
DistributionCentreAucklandCountdownHowickFreshChoiceHalfMoonBayFreshChoiceOtahuhuDistributionCentreAuckland,785.7637500000001,SR2
DistributionCentreAucklandCountdownMeadowbankCountdownMtWellingtonFreshChoiceOtahuhuDistributionCentreAuckland,794.7768749999999,SR2
DistributionCentreAucklandCountdownMeadowbankCountdownPakurangaFreshChoiceOtahuhuDistributionCentreAuckland,810.96125,SR2
DistributionCentreAucklandCountdownMeadowbankCountdownSylviaParkFreshChoiceOtahuhuDistributionCentreAuckland,799.97125,SR2
DistributionCentreAucklandCountdownMeadowbankFreshChoiceHalfMoonBayFreshChoiceOtahuhuDistributionCentreAuckland,785.4625000000001,SR2
DistributionCentreAucklandCountdownMeadowlandsCountdownMtWellingtonFreshChoiceOtahuhuDistributionCentreAuckland,870.895,SR2
DistributionCentreAucklandCountdownMeadowlandsCountdownPakurangaFreshChoiceOtahuhuDistributionCentreAuckland,844.55625,SR2
DistributionCentreAucklandCountdownMeadowlandsCountdownSylviaParkFreshChoiceOtahuhuDistributionCentreAuckland,875.4112500000001,SR2
DistributionCentreAucklandCountdownMeadowlandsFreshChoiceHalfMoonBayFreshChoiceOtahuhuDistributionCentreAuckland,782.0218749999999,SR2
DistributionCentreAucklandCountdownMtWellingtonCountdownPakurangaFreshChoiceHalfMoonBayDistributionCentreAuckland,879.0531249999999,SR2
DistributionCentreAucklandCountdownMtWellingtonCountdownPakurangaFreshChoiceOtahuhuDistributionCentreAuckland,774.7075,SR2
DistributionCentreAucklandCountdownMtWellingtonCountdownSylviaParkFreshChoiceOtahuhuDistributionCentreAuckland,756.8275000000001,SR2
DistributionCentreAucklandCountdownMtWellingtonFreshChoiceHalfMoonBayFreshChoiceOtahuhuDistributionCentreAuckland,755.49,SR2
DistributionCentreAucklandCountdownPakurangaCountdownSylviaParkFreshChoiceOtahuhuDistributionCentreAuckland,778.4925000000001,SR2
DistributionCentreAucklandCountdownPakurangaFreshChoiceHalfMoonBayFreshChoiceOtahuhuDistributionCentreAuckland,725.801875,SR2
DistributionCentreAucklandCountdownSylviaParkFreshChoiceHalfMoonBayFreshChoiceOtahuhuDistributionCentreAuckland,763.334375,SR2
DistributionCentreAucklandCountdownBirkenheadCountdownGlenfieldDistributionCentreAuckland,771.389375,SR4
DistributionCentreAucklandCountdownBirkenheadCountdownHaurakiCornerDistributionCentreAuckland,778.9431249999999,SR4
DistributionCentreAucklandCountdownBirkenheadCountdownMairangiBayDistributionCentreAuckland,862.465,SR4
DistributionCentreAucklandCountdownBirkenheadCountdownMilfordDistributionCentreAuckland,825.5137500000001,SR4
DistributionCentreAucklandCountdownBirkenheadCountdownNorthcoteDistributionCentreAuckland,743.7575,SR4
DistributionCentreAucklandCountdownBirkenheadCountdownSunnynookDistributionCentreAuckland,825.388125,SR4
DistributionCentreAucklandCountdownBirkenheadCountdownTakapunaDistributionCentreAuckland,762.9975000000001,SR4
DistributionCentreAucklandCountdownBrownsBayCountdownNorthcoteDistributionCentreAuckland,894.0231249999999,SR4
DistributionCentreAucklandCountdownBrownsBayCountdownTakapunaDistributionCentreAuckland,892.955,SR4
DistributionCentreAucklandCountdownGlenfieldCountdownHaurakiCornerDistributionCentreAuckland,803.040625,SR4
DistributionCentreAucklandCountdownGlenfieldCountdownMairangiBayDistributionCentreAuckland,855.5931250000001,SR4
DistributionCentreAucklandCountdownGlenfieldCountdownMilfordDistributionCentreAuckland,836.120625,SR4
DistributionCentreAucklandCountdownGlenfieldCountdownNorthcoteDistributionCentreAuckland,776.0431249999999,SR4
DistributionCentreAucklandCountdownGlenfieldCountdownSunnynookDistributionCentreAuckland,819.9593749999999,SR4
DistributionCentreAucklandCountdownGlenfieldCountdownTakapunaDistributionCentreAuckland,787.0943750000001,SR4
DistributionCentreAucklandCountdownHaurakiCornerCountdownMairangiBayDistributionCentreAuckland,871.485625,SR4
DistributionCentreAucklandCountdownHaurakiCornerCountdownMilfordDistributionCentreAuckland,809.0031249999998,SR4
DistributionCentreAucklandCountdownHaurakiCornerCountdownNorthcoteDistributionCentreAuckland,771.100625,SR4
DistributionCentreAucklandCountdownHaurakiCornerCountdownSunnynookDistributionCentreAuckland,834.40875,SR4
DistributionCentreAucklandCountdownHaurakiCornerCountdownTakapunaDistributionCentreAuckland,753.8806249999999,SR4
DistributionCentreAucklandCountdownMairangiBayCountdownMilfordDistributionCentreAuckland,868.435625,SR4
DistributionCentreAucklandCountdownMairangiBayCountdownNorthcoteDistributionCentreAuckland,850.3518750000001,SR4
DistributionCentreAucklandCountdownMairangiBayCountdownSunnynookDistributionCentreAuckland,854.2637499999998,SR4
DistributionCentreAucklandCountdownMairangiBayCountdownTakapunaDistributionCentreAuckland,849.2837499999999,SR4
DistributionCentreAucklandCountdownMilfordCountdownNorthcoteDistributionCentreAuckland,816.97125,SR4
DistributionCentreAucklandCountdownMilfordCountdownSunnynookDistributionCentreAuckland,854.00375,SR4
DistributionCentreAucklandCountdownMilfordCountdownTakapunaDistributionCentreAuckland,798.7937499999999,SR4
DistributionCentreAucklandCountdownNorthcoteCountdownSunnynookDistributionCentreAuckland,809.4050000000001,SR4
DistributionCentreAucklandCountdownNorthcoteCountdownTakapunaDistributionCentreAuckland,748.668125,SR4
DistributionCentreAucklandCountdownSunnynookCountdownTakapunaDistributionCentreAuckland,812.2068750000001,SR4
DistributionCentreAucklandCountdownBlockhouseBayCountdownHendersonDistributionCentreAuckland,736.916875,SR3
DistributionCentreAucklandCountdownBlockhouseBayCountdownHobsonvilleDistributionCentreAuckland,819.6956250000002,SR3
DistributionCentreAucklandCountdownBlockhouseBayCountdownKelstonDistributionCentreAuckland,712.1075,SR3
DistributionCentreAucklandCountdownBlockhouseBayCountdownLincolnRoadDistributionCentreAuckland,760.9618750000001,SR3
DistributionCentreAucklandCountdownBlockhouseBayCountdownLynfieldDistributionCentreAuckland,649.948125,SR3
DistributionCentreAucklandCountdownBlockhouseBayCountdownLynmallDistributionCentreAuckland,622.1943749999999,SR3
DistributionCentreAucklandCountdownBlockhouseBayCountdownNorthwestDistributionCentreAuckland,772.00125,SR3
DistributionCentreAucklandCountdownBlockhouseBayCountdownTeAtatuDistributionCentreAuckland,738.306875,SR3
DistributionCentreAucklandCountdownBlockhouseBayCountdownTeAtatuSouthDistributionCentreAuckland,711.2743749999998,SR3
DistributionCentreAucklandCountdownBlockhouseBayCountdownWestgateDistributionCentreAuckland,780.5374999999999,SR3
DistributionCentreAucklandCountdownBlockhouseBayFreshChoiceGlenEdenDistributionCentreAuckland,604.533125,SR3
DistributionCentreAucklandCountdownBlockhouseBayFreshChoiceMangereBridgeDistributionCentreAuckland,542.86375,SR3
DistributionCentreAucklandCountdownBlockhouseBayFreshChoiceRanuiDistributionCentreAuckland,694.0493749999999,SR3
DistributionCentreAucklandCountdownBlockhouseBaySuperValueAvondaleDistributionCentreAuckland,546.35125,SR3
DistributionCentreAucklandCountdownBlockhouseBaySuperValuePalominoDistributionCentreAuckland,703.905625,SR3
DistributionCentreAucklandCountdownBlockhouseBaySuperValueTitirangiDistributionCentreAuckland,587.99875,SR3
DistributionCentreAucklandCountdownHendersonCountdownHobsonvilleDistributionCentreAuckland,831.57,SR3
DistributionCentreAucklandCountdownHendersonCountdownKelstonDistributionCentreAuckland,756.0462500000002,SR3
DistributionCentreAucklandCountdownHendersonCountdownLincolnRoadDistributionCentreAuckland,749.04875,SR3
DistributionCentreAucklandCountdownHendersonCountdownLynfieldDistributionCentreAuckland,776.0124999999999,SR3
DistributionCentreAucklandCountdownHendersonCountdownLynmallDistributionCentreAuckland,693.756875,SR3
DistributionCentreAucklandCountdownHendersonCountdownNorthwestDistributionCentreAuckland,783.875625,SR3
DistributionCentreAucklandCountdownHendersonCountdownTeAtatuDistributionCentreAuckland,747.68375,SR3
DistributionCentreAucklandCountdownHendersonCountdownTeAtatuSouthDistributionCentreAuckland,706.688125,SR3
DistributionCentreAucklandCountdownHendersonCountdownWestgateDistributionCentreAuckland,792.411875,SR3
DistributionCentreAucklandCountdownHendersonFreshChoiceGlenEdenDistributionCentreAuckland,641.675,SR3
DistributionCentreAucklandCountdownHendersonFreshChoiceMangereBridgeDistributionCentreAuckland,636.9037500000001,SR3
DistributionCentreAucklandCountdownHendersonFreshChoiceRanuiDistributionCentreAuckland,669.4599999999999,SR3
DistributionCentreAucklandCountdownHendersonSuperValueAvondaleDistributionCentreAuckland,630.8493750000001,SR3
DistributionCentreAucklandCountdownHendersonSuperValuePalominoDistributionCentreAuckland,659.1356249999999,SR3
DistributionCentreAucklandCountdownHendersonSuperValueTitirangiDistributionCentreAuckland,658.25875,SR3
DistributionCentreAucklandCountdownHobsonvilleCountdownKelstonDistributionCentreAuckland,869.4793749999999,SR3
DistributionCentreAucklandCountdownHobsonvilleCountdownLincolnRoadDistributionCentreAuckland,820.124375,SR3
DistributionCentreAucklandCountdownHobsonvilleCountdownLynfieldDistributionCentreAuckland,833.719375,SR3
DistributionCentreAucklandCountdownHobsonvilleCountdownLynmallDistributionCentreAuckland,786.769375,SR3
DistributionCentreAucklandCountdownHobsonvilleCountdownNorthwestDistributionCentreAuckland,800.0693749999999,SR3
DistributionCentreAucklandCountdownHobsonvilleCountdownTeAtatuDistributionCentreAuckland,807.4649999999999,SR3
DistributionCentreAucklandCountdownHobsonvilleCountdownTeAtatuSouthDistributionCentreAuckland,786.8456249999999,SR3
DistributionCentreAucklandCountdownHobsonvilleCountdownWestgateDistributionCentreAuckland,810.3981249999999,SR3
DistributionCentreAucklandCountdownHobsonvilleFreshChoiceGlenEdenDistributionCentreAuckland,757.6324999999998,SR3
DistributionCentreAucklandCountdownHobsonvilleFreshChoiceMangereBridgeDistributionCentreAuckland,694.61,SR3
DistributionCentreAucklandCountdownHobsonvilleFreshChoiceRanuiDistributionCentreAuckland,753.2112499999998,SR3
DistributionCentreAucklandCountdownHobsonvilleSuperValueAvondaleDistributionCentreAuckland,707.079375,SR3
DistributionCentreAucklandCountdownHobsonvilleSuperValuePalominoDistributionCentreAuckland,763.068125,SR3
DistributionCentreAucklandCountdownHobsonvilleSuperValueTitirangiDistributionCentreAuckland,777.6387500000001,SR3
DistributionCentreAucklandCountdownKelstonCountdownLincolnRoadDistributionCentreAuckland,795.249375,SR3
DistributionCentreAucklandCountdownKelstonCountdownLynfieldDistributionCentreAuckland,741.17,SR3
DistributionCentreAucklandCountdownKelstonCountdownLynmallDistributionCentreAuckland,679.3387499999999,SR3
DistributionCentreAucklandCountdownKelstonCountdownNorthwestDistributionCentreAuckland,819.2831249999999,SR3
DistributionCentreAucklandCountdownKelstonCountdownTeAtatuDistributionCentreAuckland,783.09125,SR3
DistributionCentreAucklandCountdownKelstonCountdownTeAtatuSouthDistributionCentreAuckland,742.0956249999998,SR3
DistributionCentreAucklandCountdownKelstonCountdownWestgateDistributionCentreAuckland,827.8193749999999,SR3
DistributionCentreAucklandCountdownKelstonFreshChoiceGlenEdenDistributionCentreAuckland,629.8625,SR3
DistributionCentreAucklandCountdownKelstonFreshChoiceMangereBridgeDistributionCentreAuckland,628.601875,SR3
DistributionCentreAucklandCountdownKelstonFreshChoiceRanuiDistributionCentreAuckland,717.863125,SR3
DistributionCentreAucklandCountdownKelstonSuperValueAvondaleDistributionCentreAuckland,616.5281249999999,SR3
DistributionCentreAucklandCountdownKelstonSuperValuePalominoDistributionCentreAuckland,707.5387499999999,SR3
DistributionCentreAucklandCountdownKelstonSuperValueTitirangiDistributionCentreAuckland,639.2187499999999,SR3
DistributionCentreAucklandCountdownLincolnRoadCountdownLynfieldDistributionCentreAuckland,774.985,SR3
DistributionCentreAucklandCountdownLincolnRoadCountdownLynmallDistributionCentreAuckland,728.035,SR3
DistributionCentreAucklandCountdownLincolnRoadCountdownNorthwestDistributionCentreAuckland,767.1949999999999,SR3
DistributionCentreAucklandCountdownLincolnRoadCountdownTeAtatuDistributionCentreAuckland,748.7312499999999,SR3
DistributionCentreAucklandCountdownLincolnRoadCountdownTeAtatuSouthDistributionCentreAuckland,716.045,SR3
DistributionCentreAucklandCountdownLincolnRoadCountdownWestgateDistributionCentreAuckland,775.73125,SR3
DistributionCentreAucklandCountdownLincolnRoadFreshChoiceGlenEdenDistributionCentreAuckland,681.441875,SR3
DistributionCentreAucklandCountdownLincolnRoadFreshChoiceMangereBridgeDistributionCentreAuckland,635.8762499999999,SR3
DistributionCentreAucklandCountdownLincolnRoadFreshChoiceRanuiDistributionCentreAuckland,670.945,SR3
DistributionCentreAucklandCountdownLincolnRoadSuperValueAvondaleDistributionCentreAuckland,648.345625,SR3
DistributionCentreAucklandCountdownLincolnRoadSuperValuePalominoDistributionCentreAuckland,680.80125,SR3
DistributionCentreAucklandCountdownLincolnRoadSuperValueTitirangiDistributionCentreAuckland,698.0256249999998,SR3
DistributionCentreAucklandCountdownLynfieldCountdownLynmallDistributionCentreAuckland,652.945,SR3
DistributionCentreAucklandCountdownLynfieldCountdownNorthwestDistributionCentreAuckland,784.3743750000001,SR3
DistributionCentreAucklandCountdownLynfieldCountdownTeAtatuDistributionCentreAuckland,750.68,SR3
DistributionCentreAucklandCountdownLynfieldCountdownTeAtatuSouthDistributionCentreAuckland,723.6481249999999,SR3
DistributionCentreAucklandCountdownLynfieldCountdownWestgateDistributionCentreAuckland,792.91125,SR3
DistributionCentreAucklandCountdownLynfieldFreshChoiceGlenEdenDistributionCentreAuckland,634.5237500000001,SR3
DistributionCentreAucklandCountdownLynfieldFreshChoiceMangereBridgeDistributionCentreAuckland,546.111875,SR3
DistributionCentreAucklandCountdownLynfieldFreshChoiceRanuiDistributionCentreAuckland,706.4225,SR3
DistributionCentreAucklandCountdownLynfieldSuperValueAvondaleDistributionCentreAuckland,571.13,SR3
DistributionCentreAucklandCountdownLynfieldSuperValuePalominoDistributionCentreAuckland,716.279375,SR3
DistributionCentreAucklandCountdownLynfieldSuperValueTitirangiDistributionCentreAuckland,621.0681249999999,SR3
DistributionCentreAucklandCountdownLynmallCountdownNorthwestDistributionCentreAuckland,736.8056250000001,SR3
DistributionCentreAucklandCountdownLynmallCountdownTeAtatuDistributionCentreAuckland,703.1106249999999,SR3
DistributionCentreAucklandCountdownLynmallCountdownTeAtatuSouthDistributionCentreAuckland,676.07875,SR3
DistributionCentreAucklandCountdownLynmallCountdownWestgateDistributionCentreAuckland,745.3418750000001,SR3
DistributionCentreAucklandCountdownLynmallFreshChoiceGlenEdenDistributionCentreAuckland,577.329375,SR3
DistributionCentreAucklandCountdownLynmallFreshChoiceMangereBridgeDistributionCentreAuckland,531.6724999999999,SR3
DistributionCentreAucklandCountdownLynmallFreshChoiceRanuiDistributionCentreAuckland,658.85375,SR3
DistributionCentreAucklandCountdownLynmallSuperValueAvondaleDistributionCentreAuckland,519.5987499999999,SR3
DistributionCentreAucklandCountdownLynmallSuperValuePalominoDistributionCentreAuckland,644.78875,SR3
DistributionCentreAucklandCountdownLynmallSuperValueTitirangiDistributionCentreAuckland,569.7412499999999,SR3
DistributionCentreAucklandCountdownNorthwestCountdownTeAtatuDistributionCentreAuckland,759.770625,SR3
DistributionCentreAucklandCountdownNorthwestCountdownTeAtatuSouthDistributionCentreAuckland,739.1512499999999,SR3
DistributionCentreAucklandCountdownNorthwestCountdownWestgateDistributionCentreAuckland,738.405,SR3
DistributionCentreAucklandCountdownNorthwestFreshChoiceGlenEdenDistributionCentreAuckland,709.9381249999999,SR3
DistributionCentreAucklandCountdownNorthwestFreshChoiceMangereBridgeDistributionCentreAuckland,646.9156249999999,SR3
DistributionCentreAucklandCountdownNorthwestFreshChoiceRanuiDistributionCentreAuckland,682.025625,SR3
DistributionCentreAucklandCountdownNorthwestSuperValueAvondaleDistributionCentreAuckland,659.3849999999999,SR3
DistributionCentreAucklandCountdownNorthwestSuperValuePalominoDistributionCentreAuckland,715.373125,SR3
DistributionCentreAucklandCountdownNorthwestSuperValueTitirangiDistributionCentreAuckland,729.944375,SR3
DistributionCentreAucklandCountdownTeAtatuCountdownTeAtatuSouthDistributionCentreAuckland,701.66625,SR3
DistributionCentreAucklandCountdownTeAtatuCountdownWestgateDistributionCentreAuckland,773.03375,SR3
DistributionCentreAucklandCountdownTeAtatuFreshChoiceGlenEdenDistributionCentreAuckland,672.453125,SR3
DistributionCentreAucklandCountdownTeAtatuFreshChoiceMangereBridgeDistributionCentreAuckland,613.220625,SR3
DistributionCentreAucklandCountdownTeAtatuFreshChoiceRanuiDistributionCentreAuckland,686.5456250000001,SR3
DistributionCentreAucklandCountdownTeAtatuSuperValueAvondaleDistributionCentreAuckland,625.69,SR3
DistributionCentreAucklandCountdownTeAtatuSuperValuePalominoDistributionCentreAuckland,696.401875,SR3
DistributionCentreAucklandCountdownTeAtatuSuperValueTitirangiDistributionCentreAuckland,696.249375,SR3
DistributionCentreAucklandCountdownTeAtatuSouthCountdownWestgateDistributionCentreAuckland,741.6968749999999,SR3
DistributionCentreAucklandCountdownTeAtatuSouthFreshChoiceGlenEdenDistributionCentreAuckland,626.76,SR3
DistributionCentreAucklandCountdownTeAtatuSouthFreshChoiceMangereBridgeDistributionCentreAuckland,586.1887499999999,SR3
DistributionCentreAucklandCountdownTeAtatuSouthFreshChoiceRanuiDistributionCentreAuckland,645.4487499999999,SR3
DistributionCentreAucklandCountdownTeAtatuSouthSuperValueAvondaleDistributionCentreAuckland,598.658125,SR3
DistributionCentreAucklandCountdownTeAtatuSouthSuperValuePalominoDistributionCentreAuckland,651.295,SR3
DistributionCentreAucklandCountdownTeAtatuSouthSuperValueTitirangiDistributionCentreAuckland,643.34375,SR3
DistributionCentreAucklandCountdownWestgateFreshChoiceGlenEdenDistributionCentreAuckland,718.4737499999999,SR3
DistributionCentreAucklandCountdownWestgateFreshChoiceMangereBridgeDistributionCentreAuckland,655.451875,SR3
DistributionCentreAucklandCountdownWestgateFreshChoiceRanuiDistributionCentreAuckland,705.3181249999999,SR3
DistributionCentreAucklandCountdownWestgateSuperValueAvondaleDistributionCentreAuckland,667.92125,SR3
DistributionCentreAucklandCountdownWestgateSuperValuePalominoDistributionCentreAuckland,723.9093750000001,SR3
DistributionCentreAucklandCountdownWestgateSuperValueTitirangiDistributionCentreAuckland,738.4806249999998,SR3
DistributionCentreAucklandFreshChoiceGlenEdenFreshChoiceMangereBridgeDistributionCentreAuckland,524.1056249999999,SR3
DistributionCentreAucklandFreshChoiceGlenEdenFreshChoiceRanuiDistributionCentreAuckland,603.8412500000001,SR3
DistributionCentreAucklandFreshChoiceGlenEdenSuperValueAvondaleDistributionCentreAuckland,513.1774999999999,SR3
DistributionCentreAucklandFreshChoiceGlenEdenSuperValuePalominoDistributionCentreAuckland,591.8824999999999,SR3
DistributionCentreAucklandFreshChoiceGlenEdenSuperValueTitirangiDistributionCentreAuckland,526.0937500000001,SR3
DistributionCentreAucklandFreshChoiceMangereBridgeFreshChoiceRanuiDistributionCentreAuckland,560.9,SR3
DistributionCentreAucklandFreshChoiceMangereBridgeSuperValueAvondaleDistributionCentreAuckland,441.79375,SR3
DistributionCentreAucklandFreshChoiceMangereBridgeSuperValuePalominoDistributionCentreAuckland,570.75625,SR3
DistributionCentreAucklandFreshChoiceMangereBridgeSuperValueTitirangiDistributionCentreAuckland,502.58625000000006,SR3
DistributionCentreAucklandFreshChoiceRanuiSuperValueAvondaleDistributionCentreAuckland,581.433125,SR3
DistributionCentreAucklandFreshChoiceRanuiSuperValuePalominoDistributionCentreAuckland,589.29625,SR3
DistributionCentreAucklandFreshChoiceRanuiSuperValueTitirangiDistributionCentreAuckland,617.7243749999999,SR3
DistributionCentreAucklandSuperValueAvondaleSuperValuePalominoDistributionCentreAuckland,597.75625,SR3
DistributionCentreAucklandSuperValueAvondaleSuperValueTitirangiDistributionCentreAuckland,512.815,SR3
DistributionCentreAucklandSuperValuePalominoSuperValueTitirangiDistributionCentreAuckland,598.9687500000001,SR3
DistributionCentreAucklandCountdownBlockhouseBayCountdownHendersonFreshChoiceGlenEdenDistributionCentreAuckland,896.9081249999999,SR3
DistributionCentreAucklandCountdownBlockhouseBayCountdownHendersonFreshChoiceMangereBridgeDistributionCentreAuckland,892.136875,SR3
DistributionCentreAucklandCountdownBlockhouseBayCountdownHendersonSuperValueAvondaleDistributionCentreAuckland,886.0825000000001,SR3
DistributionCentreAucklandCountdownBlockhouseBayCountdownKelstonFreshChoiceGlenEdenDistributionCentreAuckland,868.5881249999999,SR3
DistributionCentreAucklandCountdownBlockhouseBayCountdownKelstonFreshChoiceMangereBridgeDistributionCentreAuckland,867.3275,SR3
DistributionCentreAucklandCountdownBlockhouseBayCountdownKelstonSuperValueAvondaleDistributionCentreAuckland,855.25375,SR3
DistributionCentreAucklandCountdownBlockhouseBayCountdownKelstonSuperValueTitirangiDistributionCentreAuckland,877.9443749999999,SR3
DistributionCentreAucklandCountdownBlockhouseBayCountdownLynfieldFreshChoiceGlenEdenDistributionCentreAuckland,893.58,SR3
DistributionCentreAucklandCountdownBlockhouseBayCountdownLynfieldFreshChoiceMangereBridgeDistributionCentreAuckland,805.168125,SR3
DistributionCentreAucklandCountdownBlockhouseBayCountdownLynfieldSuperValueAvondaleDistributionCentreAuckland,830.1862500000001,SR3
DistributionCentreAucklandCountdownBlockhouseBayCountdownLynfieldSuperValueTitirangiDistributionCentreAuckland,880.124375,SR3
DistributionCentreAucklandCountdownBlockhouseBayCountdownLynmallFreshChoiceGlenEdenDistributionCentreAuckland,823.07125,SR3
DistributionCentreAucklandCountdownBlockhouseBayCountdownLynmallFreshChoiceMangereBridgeDistributionCentreAuckland,777.414375,SR3
DistributionCentreAucklandCountdownBlockhouseBayCountdownLynmallSuperValueAvondaleDistributionCentreAuckland,765.3406249999999,SR3
DistributionCentreAucklandCountdownBlockhouseBayCountdownLynmallSuperValuePalominoDistributionCentreAuckland,890.530625,SR3
DistributionCentreAucklandCountdownBlockhouseBayCountdownLynmallSuperValueTitirangiDistributionCentreAuckland,815.483125,SR3
DistributionCentreAucklandCountdownBlockhouseBayCountdownTeAtatuFreshChoiceMangereBridgeDistributionCentreAuckland,893.526875,SR3
DistributionCentreAucklandCountdownBlockhouseBayCountdownTeAtatuSouthFreshChoiceMangereBridgeDistributionCentreAuckland,866.4943749999999,SR3
DistributionCentreAucklandCountdownBlockhouseBayCountdownTeAtatuSouthSuperValueAvondaleDistributionCentreAuckland,878.96375,SR3
DistributionCentreAucklandCountdownBlockhouseBayFreshChoiceGlenEdenFreshChoiceMangereBridgeDistributionCentreAuckland,759.75375,SR3
DistributionCentreAucklandCountdownBlockhouseBayFreshChoiceGlenEdenFreshChoiceRanuiDistributionCentreAuckland,839.489375,SR3
DistributionCentreAucklandCountdownBlockhouseBayFreshChoiceGlenEdenSuperValueAvondaleDistributionCentreAuckland,748.825625,SR3
DistributionCentreAucklandCountdownBlockhouseBayFreshChoiceGlenEdenSuperValuePalominoDistributionCentreAuckland,827.530625,SR3
DistributionCentreAucklandCountdownBlockhouseBayFreshChoiceGlenEdenSuperValueTitirangiDistributionCentreAuckland,761.741875,SR3
DistributionCentreAucklandCountdownBlockhouseBayFreshChoiceMangereBridgeSuperValueAvondaleDistributionCentreAuckland,788.1181250000001,SR3
DistributionCentreAucklandCountdownBlockhouseBayFreshChoiceMangereBridgeSuperValueTitirangiDistributionCentreAuckland,848.9106250000001,SR3
DistributionCentreAucklandCountdownBlockhouseBayFreshChoiceRanuiSuperValueAvondaleDistributionCentreAuckland,861.73875,SR3
DistributionCentreAucklandCountdownBlockhouseBayFreshChoiceRanuiSuperValuePalominoDistributionCentreAuckland,869.6018749999998,SR3
DistributionCentreAucklandCountdownBlockhouseBayFreshChoiceRanuiSuperValueTitirangiDistributionCentreAuckland,898.0299999999997,SR3
DistributionCentreAucklandCountdownBlockhouseBaySuperValueAvondaleSuperValuePalominoDistributionCentreAuckland,849.470625,SR3
DistributionCentreAucklandCountdownBlockhouseBaySuperValueAvondaleSuperValueTitirangiDistributionCentreAuckland,764.5293750000001,SR3
DistributionCentreAucklandCountdownBlockhouseBaySuperValuePalominoSuperValueTitirangiDistributionCentreAuckland,879.274375,SR3
DistributionCentreAucklandCountdownHendersonCountdownKelstonSuperValueAvondaleDistributionCentreAuckland,899.1925,SR3
DistributionCentreAucklandCountdownHendersonCountdownLynmallFreshChoiceGlenEdenDistributionCentreAuckland,894.63375,SR3
DistributionCentreAucklandCountdownHendersonCountdownLynmallFreshChoiceMangereBridgeDistributionCentreAuckland,848.9768750000001,SR3
DistributionCentreAucklandCountdownHendersonCountdownLynmallSuperValueAvondaleDistributionCentreAuckland,836.903125,SR3
DistributionCentreAucklandCountdownHendersonCountdownLynmallSuperValueTitirangiDistributionCentreAuckland,887.045625,SR3
DistributionCentreAucklandCountdownHendersonCountdownTeAtatuSouthFreshChoiceMangereBridgeDistributionCentreAuckland,861.908125,SR3
DistributionCentreAucklandCountdownHendersonCountdownTeAtatuSouthSuperValueAvondaleDistributionCentreAuckland,874.3775,SR3
DistributionCentreAucklandCountdownHendersonFreshChoiceGlenEdenFreshChoiceMangereBridgeDistributionCentreAuckland,796.895625,SR3
DistributionCentreAucklandCountdownHendersonFreshChoiceGlenEdenFreshChoiceRanuiDistributionCentreAuckland,876.6312500000001,SR3
DistributionCentreAucklandCountdownHendersonFreshChoiceGlenEdenSuperValueAvondaleDistributionCentreAuckland,785.9675000000001,SR3
DistributionCentreAucklandCountdownHendersonFreshChoiceGlenEdenSuperValuePalominoDistributionCentreAuckland,864.6725000000001,SR3
DistributionCentreAucklandCountdownHendersonFreshChoiceGlenEdenSuperValueTitirangiDistributionCentreAuckland,798.88375,SR3
DistributionCentreAucklandCountdownHendersonFreshChoiceMangereBridgeSuperValueAvondaleDistributionCentreAuckland,882.158125,SR3
DistributionCentreAucklandCountdownHendersonFreshChoiceRanuiSuperValueAvondaleDistributionCentreAuckland,837.149375,SR3
DistributionCentreAucklandCountdownHendersonFreshChoiceRanuiSuperValuePalominoDistributionCentreAuckland,845.0124999999999,SR3
DistributionCentreAucklandCountdownHendersonFreshChoiceRanuiSuperValueTitirangiDistributionCentreAuckland,873.4406249999998,SR3
DistributionCentreAucklandCountdownHendersonSuperValueAvondaleSuperValueTitirangiDistributionCentreAuckland,849.0275,SR3
DistributionCentreAucklandCountdownHendersonSuperValuePalominoSuperValueTitirangiDistributionCentreAuckland,834.504375,SR3
DistributionCentreAucklandCountdownKelstonCountdownLynfieldFreshChoiceMangereBridgeDistributionCentreAuckland,896.39,SR3
DistributionCentreAucklandCountdownKelstonCountdownLynmallFreshChoiceGlenEdenDistributionCentreAuckland,880.2156249999998,SR3
DistributionCentreAucklandCountdownKelstonCountdownLynmallFreshChoiceMangereBridgeDistributionCentreAuckland,834.5587499999999,SR3
DistributionCentreAucklandCountdownKelstonCountdownLynmallSuperValueAvondaleDistributionCentreAuckland,822.485,SR3
DistributionCentreAucklandCountdownKelstonCountdownLynmallSuperValueTitirangiDistributionCentreAuckland,872.6274999999998,SR3
DistributionCentreAucklandCountdownKelstonCountdownTeAtatuSouthFreshChoiceMangereBridgeDistributionCentreAuckland,897.3156249999998,SR3
DistributionCentreAucklandCountdownKelstonFreshChoiceGlenEdenFreshChoiceMangereBridgeDistributionCentreAuckland,785.0831249999999,SR3
DistributionCentreAucklandCountdownKelstonFreshChoiceGlenEdenFreshChoiceRanuiDistributionCentreAuckland,864.8187499999999,SR3
DistributionCentreAucklandCountdownKelstonFreshChoiceGlenEdenSuperValueAvondaleDistributionCentreAuckland,774.1549999999999,SR3
DistributionCentreAucklandCountdownKelstonFreshChoiceGlenEdenSuperValuePalominoDistributionCentreAuckland,852.8599999999999,SR3
DistributionCentreAucklandCountdownKelstonFreshChoiceGlenEdenSuperValueTitirangiDistributionCentreAuckland,787.0712499999997,SR3
DistributionCentreAucklandCountdownKelstonFreshChoiceMangereBridgeSuperValueAvondaleDistributionCentreAuckland,873.85625,SR3
DistributionCentreAucklandCountdownKelstonFreshChoiceRanuiSuperValueAvondaleDistributionCentreAuckland,885.5524999999999,SR3
DistributionCentreAucklandCountdownKelstonFreshChoiceRanuiSuperValuePalominoDistributionCentreAuckland,893.4156249999999,SR3
DistributionCentreAucklandCountdownKelstonSuperValueAvondaleSuperValueTitirangiDistributionCentreAuckland,834.70625,SR3
DistributionCentreAucklandCountdownKelstonSuperValuePalominoSuperValueTitirangiDistributionCentreAuckland,882.9075,SR3
DistributionCentreAucklandCountdownLincolnRoadCountdownLynmallFreshChoiceMangereBridgeDistributionCentreAuckland,883.2549999999999,SR3
DistributionCentreAucklandCountdownLincolnRoadCountdownLynmallSuperValueAvondaleDistributionCentreAuckland,871.18125,SR3
DistributionCentreAucklandCountdownLincolnRoadCountdownTeAtatuSouthFreshChoiceMangereBridgeDistributionCentreAuckland,871.265,SR3
DistributionCentreAucklandCountdownLincolnRoadCountdownTeAtatuSouthSuperValueAvondaleDistributionCentreAuckland,883.7343750000001,SR3
DistributionCentreAucklandCountdownLincolnRoadFreshChoiceGlenEdenFreshChoiceMangereBridgeDistributionCentreAuckland,836.6624999999999,SR3
DistributionCentreAucklandCountdownLincolnRoadFreshChoiceGlenEdenSuperValueAvondaleDistributionCentreAuckland,825.7343749999999,SR3
DistributionCentreAucklandCountdownLincolnRoadFreshChoiceGlenEdenSuperValueTitirangiDistributionCentreAuckland,838.6506249999998,SR3
DistributionCentreAucklandCountdownLincolnRoadFreshChoiceMangereBridgeSuperValueAvondaleDistributionCentreAuckland,881.1306249999999,SR3
DistributionCentreAucklandCountdownLincolnRoadFreshChoiceRanuiSuperValueAvondaleDistributionCentreAuckland,838.6343750000001,SR3
DistributionCentreAucklandCountdownLincolnRoadFreshChoiceRanuiSuperValuePalominoDistributionCentreAuckland,846.4975000000001,SR3
DistributionCentreAucklandCountdownLincolnRoadFreshChoiceRanuiSuperValueTitirangiDistributionCentreAuckland,874.925625,SR3
DistributionCentreAucklandCountdownLincolnRoadSuperValueAvondaleSuperValueTitirangiDistributionCentreAuckland,866.52375,SR3
DistributionCentreAucklandCountdownLincolnRoadSuperValuePalominoSuperValueTitirangiDistributionCentreAuckland,856.1700000000001,SR3
DistributionCentreAucklandCountdownLynfieldCountdownLynmallFreshChoiceGlenEdenDistributionCentreAuckland,853.821875,SR3
DistributionCentreAucklandCountdownLynfieldCountdownLynmallFreshChoiceMangereBridgeDistributionCentreAuckland,808.1650000000001,SR3
DistributionCentreAucklandCountdownLynfieldCountdownLynmallSuperValueAvondaleDistributionCentreAuckland,796.0912500000002,SR3
DistributionCentreAucklandCountdownLynfieldCountdownLynmallSuperValueTitirangiDistributionCentreAuckland,846.23375,SR3
DistributionCentreAucklandCountdownLynfieldCountdownTeAtatuSouthFreshChoiceMangereBridgeDistributionCentreAuckland,878.8681249999998,SR3
DistributionCentreAucklandCountdownLynfieldCountdownTeAtatuSouthSuperValueAvondaleDistributionCentreAuckland,891.3375,SR3
DistributionCentreAucklandCountdownLynfieldFreshChoiceGlenEdenFreshChoiceMangereBridgeDistributionCentreAuckland,789.744375,SR3
DistributionCentreAucklandCountdownLynfieldFreshChoiceGlenEdenFreshChoiceRanuiDistributionCentreAuckland,869.48,SR3
DistributionCentreAucklandCountdownLynfieldFreshChoiceGlenEdenSuperValueAvondaleDistributionCentreAuckland,778.8162500000001,SR3
DistributionCentreAucklandCountdownLynfieldFreshChoiceGlenEdenSuperValuePalominoDistributionCentreAuckland,857.52125,SR3
DistributionCentreAucklandCountdownLynfieldFreshChoiceGlenEdenSuperValueTitirangiDistributionCentreAuckland,791.7325000000001,SR3
DistributionCentreAucklandCountdownLynfieldFreshChoiceMangereBridgeSuperValueAvondaleDistributionCentreAuckland,791.36625,SR3
DistributionCentreAucklandCountdownLynfieldFreshChoiceMangereBridgeSuperValueTitirangiDistributionCentreAuckland,852.1587499999999,SR3
DistributionCentreAucklandCountdownLynfieldFreshChoiceRanuiSuperValueAvondaleDistributionCentreAuckland,874.1118750000002,SR3
DistributionCentreAucklandCountdownLynfieldFreshChoiceRanuiSuperValuePalominoDistributionCentreAuckland,881.975,SR3
DistributionCentreAucklandCountdownLynfieldSuperValueAvondaleSuperValuePalominoDistributionCentreAuckland,874.249375,SR3
DistributionCentreAucklandCountdownLynfieldSuperValueAvondaleSuperValueTitirangiDistributionCentreAuckland,789.308125,SR3
DistributionCentreAucklandCountdownLynfieldSuperValuePalominoSuperValueTitirangiDistributionCentreAuckland,891.6481249999999,SR3
DistributionCentreAucklandCountdownLynmallCountdownNorthwestFreshChoiceMangereBridgeDistributionCentreAuckland,892.0256250000001,SR3
DistributionCentreAucklandCountdownLynmallCountdownTeAtatuFreshChoiceMangereBridgeDistributionCentreAuckland,858.3306249999999,SR3
DistributionCentreAucklandCountdownLynmallCountdownTeAtatuSuperValueAvondaleDistributionCentreAuckland,870.8000000000001,SR3
DistributionCentreAucklandCountdownLynmallCountdownTeAtatuSouthFreshChoiceGlenEdenDistributionCentreAuckland,871.8700000000001,SR3
DistributionCentreAucklandCountdownLynmallCountdownTeAtatuSouthFreshChoiceMangereBridgeDistributionCentreAuckland,831.2987499999999,SR3
DistributionCentreAucklandCountdownLynmallCountdownTeAtatuSouthFreshChoiceRanuiDistributionCentreAuckland,890.55875,SR3
DistributionCentreAucklandCountdownLynmallCountdownTeAtatuSouthSuperValueAvondaleDistributionCentreAuckland,843.768125,SR3
DistributionCentreAucklandCountdownLynmallCountdownTeAtatuSouthSuperValuePalominoDistributionCentreAuckland,896.405,SR3
DistributionCentreAucklandCountdownLynmallCountdownTeAtatuSouthSuperValueTitirangiDistributionCentreAuckland,888.45375,SR3
DistributionCentreAucklandCountdownLynmallFreshChoiceGlenEdenFreshChoiceMangereBridgeDistributionCentreAuckland,732.5500000000001,SR3
DistributionCentreAucklandCountdownLynmallFreshChoiceGlenEdenFreshChoiceRanuiDistributionCentreAuckland,812.285625,SR3
DistributionCentreAucklandCountdownLynmallFreshChoiceGlenEdenSuperValueAvondaleDistributionCentreAuckland,721.621875,SR3
DistributionCentreAucklandCountdownLynmallFreshChoiceGlenEdenSuperValuePalominoDistributionCentreAuckland,800.3268750000001,SR3
DistributionCentreAucklandCountdownLynmallFreshChoiceGlenEdenSuperValueTitirangiDistributionCentreAuckland,734.5381249999999,SR3
DistributionCentreAucklandCountdownLynmallFreshChoiceMangereBridgeFreshChoiceRanuiDistributionCentreAuckland,896.0331249999999,SR3
DistributionCentreAucklandCountdownLynmallFreshChoiceMangereBridgeSuperValueAvondaleDistributionCentreAuckland,776.926875,SR3
DistributionCentreAucklandCountdownLynmallFreshChoiceMangereBridgeSuperValueTitirangiDistributionCentreAuckland,837.7193749999998,SR3
DistributionCentreAucklandCountdownLynmallFreshChoiceRanuiSuperValueAvondaleDistributionCentreAuckland,826.543125,SR3
DistributionCentreAucklandCountdownLynmallFreshChoiceRanuiSuperValuePalominoDistributionCentreAuckland,834.4062499999999,SR3
DistributionCentreAucklandCountdownLynmallFreshChoiceRanuiSuperValueTitirangiDistributionCentreAuckland,862.8343749999999,SR3
DistributionCentreAucklandCountdownLynmallSuperValueAvondaleSuperValuePalominoDistributionCentreAuckland,822.7181250000001,SR3
DistributionCentreAucklandCountdownLynmallSuperValueAvondaleSuperValueTitirangiDistributionCentreAuckland,737.7768749999999,SR3
DistributionCentreAucklandCountdownLynmallSuperValuePalominoSuperValueTitirangiDistributionCentreAuckland,820.1575,SR3
DistributionCentreAucklandCountdownNorthwestCountdownTeAtatuSouthFreshChoiceMangereBridgeDistributionCentreAuckland,894.3712499999999,SR3
DistributionCentreAucklandCountdownNorthwestCountdownWestgateFreshChoiceMangereBridgeDistributionCentreAuckland,893.6249999999999,SR3
DistributionCentreAucklandCountdownNorthwestFreshChoiceGlenEdenFreshChoiceMangereBridgeDistributionCentreAuckland,865.1587499999998,SR3
DistributionCentreAucklandCountdownNorthwestFreshChoiceGlenEdenSuperValueAvondaleDistributionCentreAuckland,854.2306249999999,SR3
DistributionCentreAucklandCountdownNorthwestFreshChoiceGlenEdenSuperValueTitirangiDistributionCentreAuckland,867.1468749999998,SR3
DistributionCentreAucklandCountdownNorthwestFreshChoiceMangereBridgeSuperValueAvondaleDistributionCentreAuckland,892.1700000000001,SR3
DistributionCentreAucklandCountdownNorthwestFreshChoiceRanuiSuperValueAvondaleDistributionCentreAuckland,849.7150000000001,SR3
DistributionCentreAucklandCountdownNorthwestFreshChoiceRanuiSuperValuePalominoDistributionCentreAuckland,857.578125,SR3
DistributionCentreAucklandCountdownNorthwestFreshChoiceRanuiSuperValueTitirangiDistributionCentreAuckland,886.0062499999999,SR3
DistributionCentreAucklandCountdownNorthwestSuperValueAvondaleSuperValueTitirangiDistributionCentreAuckland,877.5631249999999,SR3
DistributionCentreAucklandCountdownNorthwestSuperValuePalominoSuperValueTitirangiDistributionCentreAuckland,890.7418749999999,SR3
DistributionCentreAucklandCountdownTeAtatuCountdownTeAtatuSouthFreshChoiceGlenEdenDistributionCentreAuckland,897.4575,SR3
DistributionCentreAucklandCountdownTeAtatuCountdownTeAtatuSouthFreshChoiceMangereBridgeDistributionCentreAuckland,856.8862499999999,SR3
DistributionCentreAucklandCountdownTeAtatuCountdownTeAtatuSouthSuperValueAvondaleDistributionCentreAuckland,869.355625,SR3
DistributionCentreAucklandCountdownTeAtatuFreshChoiceGlenEdenFreshChoiceMangereBridgeDistributionCentreAuckland,827.67375,SR3
DistributionCentreAucklandCountdownTeAtatuFreshChoiceGlenEdenSuperValueAvondaleDistributionCentreAuckland,816.745625,SR3
DistributionCentreAucklandCountdownTeAtatuFreshChoiceGlenEdenSuperValuePalominoDistributionCentreAuckland,895.4506250000001,SR3
DistributionCentreAucklandCountdownTeAtatuFreshChoiceGlenEdenSuperValueTitirangiDistributionCentreAuckland,829.6618749999999,SR3
DistributionCentreAucklandCountdownTeAtatuFreshChoiceMangereBridgeSuperValueAvondaleDistributionCentreAuckland,858.475,SR3
DistributionCentreAucklandCountdownTeAtatuFreshChoiceRanuiSuperValueAvondaleDistributionCentreAuckland,854.235,SR3
DistributionCentreAucklandCountdownTeAtatuFreshChoiceRanuiSuperValuePalominoDistributionCentreAuckland,862.098125,SR3
DistributionCentreAucklandCountdownTeAtatuFreshChoiceRanuiSuperValueTitirangiDistributionCentreAuckland,890.5262499999999,SR3
DistributionCentreAucklandCountdownTeAtatuSuperValueAvondaleSuperValueTitirangiDistributionCentreAuckland,843.8681250000001,SR3
DistributionCentreAucklandCountdownTeAtatuSuperValuePalominoSuperValueTitirangiDistributionCentreAuckland,871.7706250000001,SR3
DistributionCentreAucklandCountdownTeAtatuSouthCountdownWestgateFreshChoiceMangereBridgeDistributionCentreAuckland,896.9168749999999,SR3
DistributionCentreAucklandCountdownTeAtatuSouthFreshChoiceGlenEdenFreshChoiceMangereBridgeDistributionCentreAuckland,781.9806249999999,SR3
DistributionCentreAucklandCountdownTeAtatuSouthFreshChoiceGlenEdenFreshChoiceRanuiDistributionCentreAuckland,861.71625,SR3
DistributionCentreAucklandCountdownTeAtatuSouthFreshChoiceGlenEdenSuperValueAvondaleDistributionCentreAuckland,771.0525,SR3
DistributionCentreAucklandCountdownTeAtatuSouthFreshChoiceGlenEdenSuperValuePalominoDistributionCentreAuckland,849.7574999999999,SR3
DistributionCentreAucklandCountdownTeAtatuSouthFreshChoiceGlenEdenSuperValueTitirangiDistributionCentreAuckland,783.96875,SR3
DistributionCentreAucklandCountdownTeAtatuSouthFreshChoiceMangereBridgeSuperValueAvondaleDistributionCentreAuckland,831.443125,SR3
DistributionCentreAucklandCountdownTeAtatuSouthFreshChoiceMangereBridgeSuperValueTitirangiDistributionCentreAuckland,892.2356249999998,SR3
DistributionCentreAucklandCountdownTeAtatuSouthFreshChoiceRanuiSuperValueAvondaleDistributionCentreAuckland,813.138125,SR3
DistributionCentreAucklandCountdownTeAtatuSouthFreshChoiceRanuiSuperValuePalominoDistributionCentreAuckland,821.0012499999999,SR3
DistributionCentreAucklandCountdownTeAtatuSouthFreshChoiceRanuiSuperValueTitirangiDistributionCentreAuckland,849.4293749999999,SR3
DistributionCentreAucklandCountdownTeAtatuSouthSuperValueAvondaleSuperValueTitirangiDistributionCentreAuckland,816.83625,SR3
DistributionCentreAucklandCountdownTeAtatuSouthSuperValuePalominoSuperValueTitirangiDistributionCentreAuckland,826.6637499999999,SR3
DistributionCentreAucklandCountdownWestgateFreshChoiceGlenEdenFreshChoiceMangereBridgeDistributionCentreAuckland,873.6943749999999,SR3
DistributionCentreAucklandCountdownWestgateFreshChoiceGlenEdenSuperValueAvondaleDistributionCentreAuckland,862.76625,SR3
DistributionCentreAucklandCountdownWestgateFreshChoiceGlenEdenSuperValueTitirangiDistributionCentreAuckland,875.6825,SR3
DistributionCentreAucklandCountdownWestgateFreshChoiceRanuiSuperValueAvondaleDistributionCentreAuckland,873.0074999999999,SR3
DistributionCentreAucklandCountdownWestgateFreshChoiceRanuiSuperValuePalominoDistributionCentreAuckland,880.8706249999998,SR3
DistributionCentreAucklandCountdownWestgateSuperValueAvondaleSuperValueTitirangiDistributionCentreAuckland,886.0993749999999,SR3
DistributionCentreAucklandCountdownWestgateSuperValuePalominoSuperValueTitirangiDistributionCentreAuckland,899.278125,SR3
DistributionCentreAucklandFreshChoiceGlenEdenFreshChoiceMangereBridgeFreshChoiceRanuiDistributionCentreAuckland,888.46625,SR3
DistributionCentreAucklandFreshChoiceGlenEdenFreshChoiceMangereBridgeSuperValueAvondaleDistributionCentreAuckland,769.36,SR3
DistributionCentreAucklandFreshChoiceGlenEdenFreshChoiceMangereBridgeSuperValuePalominoDistributionCentreAuckland,898.3224999999999,SR3
DistributionCentreAucklandFreshChoiceGlenEdenFreshChoiceMangereBridgeSuperValueTitirangiDistributionCentreAuckland,830.1524999999998,SR3
DistributionCentreAucklandFreshChoiceGlenEdenFreshChoiceRanuiSuperValueAvondaleDistributionCentreAuckland,771.5306250000001,SR3
DistributionCentreAucklandFreshChoiceGlenEdenFreshChoiceRanuiSuperValuePalominoDistributionCentreAuckland,779.3937500000001,SR3
DistributionCentreAucklandFreshChoiceGlenEdenFreshChoiceRanuiSuperValueTitirangiDistributionCentreAuckland,807.8218750000001,SR3
DistributionCentreAucklandFreshChoiceGlenEdenSuperValueAvondaleSuperValuePalominoDistributionCentreAuckland,816.296875,SR3
DistributionCentreAucklandFreshChoiceGlenEdenSuperValueAvondaleSuperValueTitirangiDistributionCentreAuckland,731.3556249999999,SR3
DistributionCentreAucklandFreshChoiceGlenEdenSuperValuePalominoSuperValueTitirangiDistributionCentreAuckland,767.2512499999999,SR3
DistributionCentreAucklandFreshChoiceMangereBridgeFreshChoiceRanuiSuperValueAvondaleDistributionCentreAuckland,728.5893749999999,SR3
DistributionCentreAucklandFreshChoiceMangereBridgeFreshChoiceRanuiSuperValuePalominoDistributionCentreAuckland,736.4525,SR3
DistributionCentreAucklandFreshChoiceMangereBridgeFreshChoiceRanuiSuperValueTitirangiDistributionCentreAuckland,764.8806249999999,SR3
DistributionCentreAucklandFreshChoiceMangereBridgeSuperValueAvondaleSuperValuePalominoDistributionCentreAuckland,744.913125,SR3
DistributionCentreAucklandFreshChoiceMangereBridgeSuperValueAvondaleSuperValueTitirangiDistributionCentreAuckland,659.9718750000001,SR3
DistributionCentreAucklandFreshChoiceMangereBridgeSuperValuePalominoSuperValueTitirangiDistributionCentreAuckland,746.1250000000001,SR3
DistributionCentreAucklandFreshChoiceRanuiSuperValueAvondaleSuperValuePalominoDistributionCentreAuckland,884.5525,SR3
DistributionCentreAucklandFreshChoiceRanuiSuperValueAvondaleSuperValueTitirangiDistributionCentreAuckland,799.61125,SR3
DistributionCentreAucklandFreshChoiceRanuiSuperValuePalominoSuperValueTitirangiDistributionCentreAuckland,764.665,SR3
DistributionCentreAucklandSuperValueAvondaleSuperValuePalominoSuperValueTitirangiDistributionCentreAuckland,773.125,SR3
